Date,Loser,2,3,4,5,6,7,8,9,Winner
192701,-3.32,-4.54,2.67,-0.29,-0.41,0.97,0.29,0.71,-0.14,-0.24
192702,7.39,6.01,7.03,7.46,4.69,3.72,2.99,3.2,4.14,7.04
192703,-3.23,-3.05,-3.84,-4.8,-0.46,-2.48,1.94,0.49,0.86,5.5
192704,1.28,-3.01,-2.44,1.02,0.94,-0.16,2.03,-0.51,1.59,5.49
192705,2.71,4.54,5.97,3.14,6.14,5.93,5.22,6.32,8.12,5.99
192706,-6.13,-3.16,-3.71,-2.43,-2.14,-1.87,-1.98,-1.6,-2.38,-1.77
192707,4.11,5.06,4.2,4.81,8.33,7.04,8.53,7.04,6.33,13.04
192708,-0.54,0.65,1.36,1.64,3.07,1.29,2.36,2.67,0.38,5.57
192709,-0.39,3.49,2.98,4.71,4.17,5.08,4.72,4.19,5.76,7.29
192710,-6.06,-3.37,-1.76,-3.08,-3.31,-3.57,-3.01,-5.54,-5.2,-6.04
192711,13.64,5.8,5.11,6.09,6.76,4.65,7.24,8,10.36,6.21
192712,4.65,0.46,0.54,3.91,2.01,1.16,1.59,1.13,5.08,5
192801,-0.4,-1.16,-1.43,-0.92,0.19,0.13,-0.23,0.75,-1.5,-0.84
192802,-1.33,-1.34,-1.28,-1.56,-1.38,-0.31,-1.38,-2.92,-2.74,0.17
192803,7.02,7.21,6.41,4.19,4.94,5.51,6.46,7.17,20.48,12.75
192804,7.5,7.84,13.11,6.29,4.67,4.25,1.13,3.01,1.4,2.92
192805,3.85,1.97,-2.66,-0.95,1.61,0.49,3.02,0.55,2.98,5.21
192806,-8.11,-8.48,-3.8,-4.06,-4.09,-3.41,-5.56,-5.27,-4.29,-3.57
192807,-0.51,-0.1,-0.1,-0.11,1.32,1,0.32,-0.08,2.27,2.19
192808,7.16,3.29,4.02,4.51,6.27,6.66,6.76,10.94,10.84,9.13
192809,1.38,5.21,0.35,1.39,0.41,3.57,4.8,3.83,6.09,5.67
192810,-3.77,-1.29,1.9,0.25,1.03,1.19,0.54,5.1,1.6,7.28
192811,7.61,8.23,9.44,11.11,11.5,10.29,18.69,10.64,5.98,24.6
192812,-3.15,0.45,-0.54,-0.27,-0.61,-1.79,2.14,3.37,0.36,2.18
192901,4.87,3.51,3.34,4.28,7.18,2.7,4.78,8.45,6.68,-2.14
192902,-3.88,2.41,-2.05,-2.24,-0.11,-1.06,-0.18,0.29,0.54,3.17
192903,-0.97,-0.43,-0.38,-2.37,2.37,1.73,-1.47,-0.82,-2.77,2.36
192904,-8.31,0.97,-0.08,1.32,0.24,1.73,3.37,4.2,2.92,0.65
192905,-10,-9.68,-3.79,-3.57,-0.97,-8.77,-3.71,-4.09,-5.88,-12.35
192906,-1.9,4.74,4.33,6.46,5.01,6.55,10.99,12.54,18.49,9.35
192907,2.06,-1.15,1.08,-0.41,4.53,5.51,8.26,3.86,4.86,5.35
192908,-0.69,0.81,4.63,3.13,4.86,6.89,11.31,12.12,13.08,8.57
192909,-9.35,-11.17,-5.93,-4.62,-3.65,-4.72,-2.25,-7.42,-5.99,-3.15
192910,-32.6,-27.17,-26.27,-17.63,-9.94,-15.43,-9.59,-15.83,-15.96,-27.07
192911,-15.72,-14.43,-13.74,-8.86,-8.66,-7.63,-8.4,-10.8,-13.17,-16.36
192912,-3.05,-6.66,-0.08,2.24,1.2,0.8,-4.98,2.06,2.79,4.21
193001,13.92,6.79,4.8,7.74,6.2,7.72,4.16,3.85,7.79,3.8
193002,2.24,0.41,3.02,1.55,3.85,1.15,1.52,3,2.34,3.53
193003,13.17,3.01,11.94,11.44,6.98,5.96,4.98,6.76,4.84,8.8
193004,-1.81,6.27,-10.33,-9.93,-3.88,1.49,-3.01,-3.57,-1.07,-1.33
193005,-0.41,-7.83,4.78,-0.7,0.91,-2.66,-4.03,-1.09,-0.93,-1.03
193006,-25.77,-24.54,-15.66,-22.54,-15.66,-16.96,-13.48,-10.93,-13.46,-16.3
193007,4.94,5.82,5.4,5.48,9.15,5.24,4.89,3.3,1.43,6.52
193008,-3.99,-0.49,-3.35,-3.91,1.55,1.6,2.1,0.71,0.09,1.17
193009,-21.88,-23,-23.35,-15.92,-14.81,-11.79,-13.43,-9.08,-9.87,-11.9
193010,-18.81,-13.36,-16.58,-15.53,-9.95,-10.04,-7.21,-6.08,-9.03,-7.22
193011,1.42,4.49,-3.79,-1.63,-3.14,-2.86,-4.47,-0.79,-3.4,-1.72
193012,-27.43,-14.61,-15.84,-12.86,-11.87,-10.31,-8.89,-4.11,-5.18,-2.86
193101,23.16,17.34,9.49,10.39,11.26,4.33,4.36,4.62,5.79,5.61
193102,24.39,34.78,15.94,21.71,17.74,12.91,11.81,8.43,8.04,6.57
193103,-15.66,-14.84,-11.28,-12.72,-6.75,-7.41,-9.17,-4.73,-4.34,-0.65
193104,-25.72,-16.55,-18.99,-19.15,-15.8,-11.88,-10.47,-9.49,-6.07,-4.29
193105,-19.16,-19.38,-18.66,-14.66,-15.29,-15.68,-12.38,-13.55,-11.43,-9.93
193106,37.11,34.99,21.41,23.2,20.2,15.16,17.13,11.87,11.14,7.82
193107,-15.15,-11.27,-11.17,-13.06,-9.37,-8.34,-7.2,-5.49,-4.64,-1.05
193108,8.54,-0.8,5.5,-0.33,2.86,0.55,-3.27,-0.86,0.98,-0.54
193109,-40.55,-38.71,-34.26,-32,-29.23,-29.48,-29.83,-26.72,-27.03,-23.9
193110,0.77,9.48,4.36,1.55,9.09,8.54,10.91,6.81,9.78,11.16
193111,-13.46,-20.26,-14.63,-10.44,-14.63,-11.62,-9.12,-6.04,-7.4,-3.24
193112,-30.54,-24.11,-21.1,-22.66,-20.17,-14.92,-12.98,-10.05,-11.71,-5.21
193201,17.08,9,2.66,1.77,0.23,-2.88,-4.3,-3.41,0.37,-0.8
193202,8.2,-1.36,7.47,-0.93,6.98,4.44,6.52,7.79,5.8,1.9
193203,-20.52,-22.87,-17.43,-15.18,-14.44,-12.28,-14.25,-9.47,-7.3,-4.87
193204,-26.67,-22.09,-22.71,-21.82,-17.25,-22.33,-24.18,-19.07,-13.98,-9.66
193205,-37.08,-39.09,-33.24,-21.53,-26.14,-26.01,-14.96,-18.69,-17.07,-13.28
193206,5.91,2.57,-1.02,-6.86,-4.29,2.48,-1.07,-2.37,3.95,1.22
193207,74.94,78.6,59.74,52.24,44.34,44.17,32.61,33.06,21.17,12.57
193208,93.84,77.56,65.26,50.48,59.75,44.83,33.86,26.23,23.45,16.18
193209,-5.89,-4.69,-5.75,1.83,-6.64,-1.09,-2.6,-2.51,-4.46,-4.16
193210,-20.81,-17.61,-22.23,-12.65,-9.71,-11.32,-12.96,-9.48,-14.87,-2.82
193211,-12.55,-7.82,-9.38,-6.51,-3.5,-2.1,-4.23,-7.59,-5.76,-22.04
193212,-4.58,2.02,4.55,3.62,2.33,5.87,5,3.93,7.21,2.69
193301,-1.93,2.03,2.46,5.34,2.23,-0.06,0.67,-0.75,4.46,-3.48
193302,-18.82,-19.85,-19.7,-20.57,-14.41,-15.04,-15.77,-12.16,-16.17,-14.13
193303,-8.14,6.8,6.14,8.84,5.8,3.66,-3.78,4.18,6.97,8.83
193304,60.21,52.13,52.24,62.11,41.11,48.14,34.7,29.12,31.97,28.68
193305,49.45,31.83,16.67,17.92,18.84,26.09,22.86,20.76,21.36,18.83
193306,23.88,9.91,8.32,13.31,12.22,9.18,14.14,16.73,17.55,17.08
193307,-6.78,-8.3,-10.87,-9.09,-11.58,-13.85,-11.13,-5.93,-10.61,-13.62
193308,5.1,5.61,12,13,15.34,17.26,19.15,18.36,22.42,17.34
193309,-21.6,-11.84,-9.48,-7.34,-9.65,-5.74,-12.29,-11.66,-12.24,-7.25
193310,-8.75,-7.55,-7.25,-10.35,-8.38,-8.24,-8.46,-10.61,-8.84,-8.16
193311,-1.31,2.29,11.61,12.33,8.32,9.42,10.16,21.63,8.85,7.46
193312,0.32,3.11,-1.74,0.11,-0.45,0.78,3.04,7.47,5.88,1.85
193401,22.23,12.83,12.42,9.67,8.81,15.08,14.59,10.85,11.85,12.43
193402,-1.97,0.52,-4.43,-0.43,-3.53,-2.77,-3.53,-2.93,-5.18,-0.16
193403,-0.32,-0.02,0.3,-0.94,0.22,-0.7,2.75,0.09,1.55,1.05
193404,0.05,-0.22,-1.5,-2.31,-3.11,-1.07,-3.49,-4,-5.78,-7.68
193405,-5.8,-6.42,-5.76,-5.09,-10.6,-9.63,-9.26,-7.17,-11.58,-8.69
193406,1.74,5.02,2.75,5.21,1.66,3.37,2.61,0.79,4.15,2.7
193407,-27.41,-17.52,-18.38,-14.93,-13.49,-8.79,-8.86,-8.08,-7.34,-9.02
193408,3.28,2.33,11.34,6.11,4.45,5.06,6.15,4.89,5.92,10.17
193409,1.41,-0.19,1.73,-1.26,-0.86,-0.89,-1.05,1.27,0.16,-0.86
193410,-6.31,-5.16,-4.98,-3.86,-2.69,-1.09,-0.66,-2.77,1.91,3.83
193411,13.93,10.05,4.12,11.34,7.42,5.95,10.65,7.4,10.34,13.65
193412,-0.33,-3.79,-2.13,1.17,1.4,-0.15,-0.57,-0.35,2.4,4
193501,-6.38,-6.06,-7.68,-4.94,-4.09,-0.64,-2.89,-1.73,-1.11,-0.29
193502,-22.99,-12.47,-7.25,-8.34,-5.42,-2.75,-1.37,1.76,3.75,3.25
193503,1.04,-4.09,-9.27,-7.97,0.4,-6.22,-2.75,-3.07,-4.64,-1.89
193504,9.33,16.28,11.1,13.32,11.64,8.73,8.93,7.78,8.09,6.71
193505,4.9,10.81,2.92,2.97,7.57,4.69,2.81,4.1,2.59,1.37
193506,-1.71,6.87,11.84,7.88,8.68,5.75,4.41,5.07,6.67,6.74
193507,11.71,14.29,16.32,12.63,6.11,7.97,7.48,7.15,5.38,6.43
193508,21.78,21.97,0.94,0.34,-0.32,3.37,3.99,2.66,1.16,3.46
193509,-13.67,0.43,-3.64,0.22,-0.91,3.17,4.01,2.8,4.96,8.74
193510,7.97,8.49,3.62,9.51,5.15,3.8,6.73,8.66,8.66,12.09
193511,20.79,6.34,6.99,5.07,3.62,2.75,5.71,3.59,5.84,3.01
193512,-0.55,6.3,4.31,4.13,6.77,2.57,1.97,3.05,5.88,8.07
193601,11.56,9.21,6.19,9.01,5.55,7.8,5.75,5.29,6.62,13
193602,2.27,0.31,1.12,0.26,6.33,2.8,3.35,3.76,1.8,1.17
193603,-1.1,-1.02,0.44,0.63,0.69,-1.41,5.31,-1.32,1.15,5.26
193604,-2.82,-4.98,-7.83,-7.41,-6.53,-10.04,-12.37,-10.9,-12.1,-12.7
193605,4.74,4.01,3.85,4.84,6.87,3.36,7.54,4.84,9.37,7.4
193606,3.13,2.04,1.17,1.73,2.55,3.23,1.76,4.16,4.21,-1.22
193607,1.15,2.87,4.31,7.09,8.95,8.64,11.71,5.28,13.14,7.51
193608,1.12,0.51,-0.15,2.06,3.43,-0.65,-1.02,-0.36,2.4,0.25
193609,0.99,-0.58,2.06,-0.33,-0.27,2.42,1.3,1.12,3.3,1.16
193610,7.58,3.63,5.15,6.45,5.92,8.2,9.47,5.43,11.94,7.7
193611,1.85,5.44,2.67,3.61,3.77,2.3,1.26,6.08,2.21,3.03
193612,-1.19,-1.13,-0.38,0.67,-1.11,-0.91,0,0.26,3.41,4.16
193701,1.73,4.47,4.44,2.38,2.16,4.96,2.85,5.34,1.76,3.55
193702,-0.72,1.02,-0.17,0.06,-0.31,-0.45,1.43,3.12,4.42,5.97
193703,-2,-1.56,-1.33,-1.59,-1.63,-1.52,2.04,5.01,-0.18,4.03
193704,-10.79,-7.12,-6.05,-6.12,-5.53,-6.06,-4.94,-8.12,-13.61,-14.53
193705,-2.22,-1.22,0.68,0.08,0.15,-1.59,-2.65,-0.67,0.35,-1.93
193706,-5.08,-3.95,-4.1,-4.37,-4.28,-4.74,-4.65,-2.19,-4.49,-7.02
193707,12.63,11.43,6.96,6.5,8.08,8.2,9.59,9.12,11.4,9.79
193708,-8.04,-3.03,-5.25,-3.11,-4.81,-4.67,-3.04,-5.6,-6.87,-7.37
193709,-17.19,-9.89,-10.89,-7.32,-11.69,-14.52,-15.49,-18.58,-19.18,-20.74
193710,-6.17,-10.16,-7.19,-9.25,-8.71,-10.12,-7.66,-9.79,-11.89,-12.26
193711,-2.54,-8.54,-3.76,-9.87,-8.08,-9.57,-9.19,-4.79,-9.31,-12.58
193712,-16.78,-6.1,-8.16,-11.86,-9.64,-3.22,-3.59,-2.82,-2.03,-0.75
193801,7.21,4.53,-0.26,-0.51,-0.75,3.91,2.11,0.4,-0.4,-1.18
193802,9,9.72,5.98,9.53,5.46,8.26,7.58,8.48,6.82,1.65
193803,-42.26,-40.38,-34.1,-32.19,-31.54,-30.69,-26.38,-25.11,-22.9,-17.47
193804,24.94,24.87,22.36,17.51,16.9,19.06,16.79,14.74,11.88,13.81
193805,-7.67,-9.12,-11.4,-8.27,-8.05,-8.2,-5.5,-6.4,-3.22,0.8
193806,43.58,43.39,42.37,41.06,40.09,35.83,32.06,27.91,16.33,10.23
193807,22.12,8.31,15.42,11.97,10.79,7.56,13.55,5.99,3.94,4.9
193808,-7.84,-5.33,-4.84,-8.02,-3.38,-5.09,0.33,-4.34,-2.14,-1.28
193809,-4.13,-0.32,-2.34,-0.56,-0.38,0.72,1.83,1.54,1.28,0.24
193810,21.74,14.47,16.59,9.63,6.83,7.49,6.32,6.53,7.36,7.26
193811,-12.71,-4.32,-4.29,-3.39,-2.54,-1.66,-0.94,-2.02,-0.64,-1.4
193812,0.9,3.91,6.02,3.01,4.35,4.42,4.27,3.74,2.82,8.8
193901,-4.31,-6.37,-3.42,-5.91,-5.85,-8.55,-6.22,-5.58,-7.91,-9.21
193902,-0.7,0.35,4.78,3.41,1.67,2.56,4.01,5.31,5.46,4.72
193903,-16.28,-10.79,-14.1,-12.06,-14.93,-12.85,-7.89,-8.38,-15.73,-18.37
193904,0.9,-0.71,-0.62,-1.14,0.94,-1.26,-1.47,0.75,-0.25,2.16
193905,4.66,6.75,4.34,5.39,4.98,7.88,7.24,6.65,8.24,9.09
193906,-11.67,-7.35,-6.86,-4.34,-7.06,-5.44,-4.29,-5.2,-4.18,-6.14
193907,10.14,16.39,11.81,10.09,10.03,11.38,9.79,8.05,9.85,13.37
193908,-15.2,-12.98,-11.7,-11.37,-7.17,-7.11,-7.57,-6.77,-5.05,-4.26
193909,52.28,44.12,33.73,25.42,30.4,21.79,15.07,9.95,8.33,7.92
193910,-7.19,-3.29,-3.7,-3.87,-3.53,-0.46,-0.92,0.62,1.36,5.47
193911,-6.52,-7.04,-3.17,-2.67,-3.21,-5.95,-1.85,-2.57,-3.95,-7.08
193912,-0.74,0.01,-0.25,1.75,3.97,2.2,3.6,3.57,4.23,7.19
194001,-1.54,-3.23,-3.6,-3.24,-5.51,-3,-2.27,-2.07,-0.28,0.03
194002,-1.62,-0.81,0.85,0.85,0.19,2.78,2.54,1.06,2.08,5.2
194003,2.97,0.92,4.13,1.66,2.78,1.72,1.57,2.45,0.97,4.64
194004,-3.85,-0.09,-1.96,-0.89,0.81,0.78,-0.7,0.81,4.65,3.84
194005,-30.32,-26.39,-26.07,-18.48,-20.92,-22.77,-22.1,-21.25,-25.59,-28.32
194006,9.49,7.66,5.52,7.74,6.16,7.61,9.36,1.68,4.81,6.32
194007,1.58,3.49,4.22,4.06,1.95,4.13,2.22,3.49,2.7,4.37
194008,6.7,3.7,3.69,1.76,2.02,1.78,3.94,0.75,0.75,2.16
194009,1.59,1.09,4.52,1.36,2.4,2.51,2.67,2.52,3,0.68
194010,3.73,15.06,7.93,11.59,6.07,1.89,3.27,1.19,-0.33,2.77
194011,-1.69,-3.65,0.14,-0.88,0.59,-1.57,-4.64,-0.34,-2.03,-0.81
194012,-4.25,0.6,0.05,0.76,0.32,0.45,0.99,0.86,1.24,1.86
194101,0.74,-1.92,-1.39,-3.2,-4.93,-4.19,-5.7,-5.18,-3.63,-5.27
194102,-2.26,-2.61,-1.66,-1.18,-1.48,-1.57,-1.22,-2.06,-0.22,-2.28
194103,-3.27,-0.18,-0.72,1.9,0.24,0.2,0.73,2.3,2.53,-0.66
194104,-11.45,-8.81,-7.08,-3.89,-3.82,-7.46,-5.35,-5.54,-3.43,-4.83
194105,1.62,-1.08,-1.26,-0.17,2.44,2.88,-0.12,1.96,2.27,1.28
194106,5.34,6.63,6.34,7.61,5.09,4.31,6.38,4.79,5.41,4.18
194107,9.62,6.85,4.31,2.87,3.38,7.19,9.56,9.61,9.33,8.25
194108,-2.17,0.72,0.3,-0.64,1.17,-0.06,-0.34,-1.26,-1.3,-0.45
194109,1.81,0.24,-0.59,-1.09,-0.53,-1,-2.42,-1.89,-3.57,-0.65
194110,-10.61,-7.56,-5.87,-6.05,-5.87,-7.14,-3.98,-2.2,-0.46,-0.06
194111,-9.1,-0.96,-3.65,-2.99,-3.58,-3.24,-0.27,2.88,0.06,0
194112,-10.19,-5.09,-6.53,-0.62,-5.69,-0.88,-1.62,-5.76,-8.44,-8.09
194201,10.58,5.88,3.6,4.91,-3.07,3.03,-3.57,-0.41,2.94,0.23
194202,-0.72,-0.33,-2.85,-0.14,-3.07,-4.04,-4.05,-2.82,-3.4,-3.02
194203,-12.47,-5.09,-5.62,-7.79,-7.08,-7.36,-5.71,-5.8,-7.67,-6.1
194204,0.81,-4.68,-3.98,-3.93,-6.78,-3.7,-5.28,-6,-4.67,-2.79
194205,9.52,11.32,6.33,5.94,5.02,7.04,5.37,0.6,3.88,1.24
194206,2.43,4.97,1.51,3.9,2.87,1.86,5.05,1.43,2,1.46
194207,2.85,0.58,3.94,2.81,2.87,4.91,5.02,2.18,4.04,8.1
194208,1.89,1.1,3.3,1.6,1.3,2.09,1.36,2.02,2.84,1.4
194209,5.38,2.68,4.4,1.2,2.06,3.19,2.55,2.74,2.82,5.23
194210,15.56,9.18,7.93,6.14,6.58,5.58,5.93,6.7,7.87,7.37
194211,-1.64,0.64,2.72,-0.41,-1.03,-1.5,0.7,-0.53,-1.73,-1.86
194212,2.91,3.51,2.41,4.74,8.2,4.65,7.54,8,5.41,6.32
194301,10.92,7.66,7.5,4.81,8.45,7.92,6.89,6.29,8.35,8.73
194302,14.8,4.37,5.53,6.25,6.14,3.63,5.82,5.3,8.51,9.33
194303,9.13,6.78,2.68,6.49,4,5.46,5.62,9.33,9.91,12.59
194304,-2.77,-1.7,1.2,-0.01,0.41,-0.94,1.03,2.35,4.39,12.87
194305,4.07,5.03,4.83,5.86,5.1,6.46,6.62,6.52,7.61,15.62
194306,2.02,0.82,2.71,3.7,1.72,3.11,1.28,3.69,0.87,-3.65
194307,-1.83,-4.92,-4.45,-4.33,-5.48,-5.64,-5.72,-4.64,-7.8,-13.43
194308,0.58,0.56,0.82,1.6,3.56,1.71,2.66,0.16,2.69,-0.75
194309,0.99,2.09,2.17,2.9,2.97,2.2,3.14,1.62,3.37,6.01
194310,-0.01,-1.06,-0.9,-1.26,-1.19,-1.53,-1.72,-1.3,-1.81,0
194311,-7.67,-5.31,-3.67,-5.25,-6.48,-6.58,-4.13,-8.92,-11.03,-14.16
194312,3.84,5.91,4.73,7.24,7.47,7.45,9.42,12.28,12.52,15.31
194401,0.85,2.69,0.9,4.07,1.34,1.66,2.08,4.59,1.18,3.14
194402,0.92,-0.68,-0.38,1.87,0.36,1.35,0.49,0.22,0.3,0.12
194403,0.89,2.13,1.85,2.21,1.68,3.22,3.76,2.71,6.73,7.55
194404,-3.91,-1.89,-1.5,-2.44,-1.65,-1.18,-1.26,-0.96,-1.86,-2.38
194405,3.32,3.53,4.25,5.74,3.64,5.76,6.17,5.99,6.71,5.81
194406,14.62,11.57,6.23,4.73,5.87,4.2,5.69,4.77,5.56,2.5
194407,-2.6,-1.08,-1.47,-1.91,-1.34,-0.22,-2.89,-1.08,-1.18,-2.58
194408,-0.44,0.65,0.85,2.61,1.08,1.84,3.01,3.86,5.85,7.07
194409,-0.27,0.04,0.75,-0.38,0.62,-0.11,-1.77,-0.79,-0.46,-2.02
194410,1.86,0.42,0.83,0.08,-0.36,-1.01,-0.95,-0.86,-1.69,-2.68
194411,1.75,1.38,0.96,2.37,1.37,2.11,2.06,2.9,2.36,3.6
194412,3.86,1.68,4.5,3.68,3.7,6.02,9.22,8.87,9.35,9.79
194501,3.15,0.72,2.86,2.14,2.27,1.06,2.45,1.47,3.19,3.55
194502,6.24,5.18,4.73,5.7,6.41,8.42,7.2,9.5,7.43,11.31
194503,-2.13,-3.71,-3.53,-4.12,-4.48,-4.32,-5.86,-5.68,-6.56,-5.6
194504,4.65,7.21,8.03,7.6,9.16,10.78,9.19,8.95,12.51,14.55
194505,2.49,1.42,2.18,1.13,0.55,2.14,1.41,2.2,3.08,1.82
194506,0.34,-0.95,-0.37,-0.4,-1.18,0.47,1.86,3.67,6.55,7.59
194507,-2.49,-0.52,-3.13,-1,-2.08,-1.92,-2.05,-2.87,-5.53,-8.3
194508,7.76,5.68,5.91,6.28,8.04,7.33,5.86,5.11,4.09,3.12
194509,6.33,5.01,2.4,5.14,4.49,5.19,5.7,6.32,8.12,8.07
194510,5.17,3.19,3.57,3.53,2.44,6.33,2.94,3.93,3.71,9.17
194511,4.36,4.48,1.91,6.68,4.18,6.55,8.4,11.29,11.84,8.93
194512,0.32,1.34,0.55,0.52,1.34,1.38,1.03,2.57,3.66,5.37
194601,4.67,4.26,5.38,6.81,11.5,6.79,8.59,9.76,5.13,11.09
194602,-4.37,-5.56,-6.28,-5.1,-5.8,-5.37,-8.1,-6.76,-7.66,-6.6
194603,8.12,3.02,6.55,5.46,6.18,6.11,6.85,9.04,7.3,8.34
194604,4.66,3.9,3.53,3.08,4.68,4.77,4.5,6.97,5.01,4.77
194605,5.02,3.86,2.89,4.84,4.34,3.77,4.96,2.57,5.52,3.1
194606,-4.41,-1.57,-1.64,-4.22,-5.07,-4.8,-5.76,-5.26,-6.29,-4.39
194607,-3.91,-1.8,-2.79,-2.11,-2.98,-3.35,-2.89,-3.48,-3.23,-2.36
194608,-7.76,-6.71,-7.15,-5.4,-5.32,-5.63,-7.01,-7.87,-5.83,-6.65
194609,-14.47,-11.48,-7.64,-9.63,-8.13,-10.23,-8.46,-9.91,-10.6,-14.23
194610,-2.73,-2.9,-1.4,-2.51,-0.09,-0.21,-0.45,-0.47,-1.23,-1.57
194611,-3.96,-2.04,1.17,-1.43,0.66,2.37,1.71,-0.52,-1.72,0.15
194612,3.79,3.54,6.34,3.67,5.14,5.25,5,3.68,4.56,7.43
194701,5.78,4.59,8.86,4.55,1.81,2.26,1.2,-0.65,-2.47,-2.96
194702,0.02,-2.3,0.7,-1.65,-0.36,-1.68,0.3,-0.9,-2.21,-2.47
194703,-6.95,-4.47,-3.4,-2.82,-1.11,-1.37,-1.86,-0.7,-0.2,-0.21
194704,-11.46,-8.99,-8.25,-6.83,-4.46,-4.46,-4.72,-1.79,-4.76,-5.75
194705,-6.9,-3.09,-3.68,-1.61,0.53,0.06,-1.3,-0.35,-0.69,-0.43
194706,7.51,4.76,5.85,7.05,4.77,6.23,6.38,5.63,4.25,5.26
194707,9.24,9.7,5.77,6.97,6.87,3.99,5.72,3.69,2.11,3.79
194708,-5.53,-4.32,-3.14,-1.93,-3.31,-2.71,-0.74,-0.36,-1.1,-2.44
194709,3.69,-0.75,-0.57,-0.48,0.11,0.02,-0.21,-1.75,-0.48,-0.16
194710,-0.21,2.03,2.67,1.36,1,3.25,2.38,3.63,2.81,4.5
194711,-5.82,-4.34,-4.91,-3.75,-1.69,-2.65,-0.16,-0.01,-1.76,-0.43
194712,-0.46,0.47,1.3,3.21,1.59,2.74,4.67,4.05,3.49,5.34
194801,-0.14,-0.25,-1.73,-1.64,-2.43,-4.25,-4.8,-4.18,-6.32,-4.71
194802,-8.09,-6.78,-5.27,-4.77,-2.86,-4.48,-5.29,-3.61,-4.24,-3.66
194803,14.77,11.39,7.39,11.15,7.22,5.37,6.79,9.17,8.28,12.87
194804,0.2,0.94,2.49,1.96,2.91,1.36,3.32,5.09,6.99,7.18
194805,7.27,6.36,4.62,9.43,7.08,8.49,5.5,7.49,10.25,7.65
194806,-5.21,-1.85,-0.37,-0.84,-1.42,1.63,0.62,0.57,0.14,3.48
194807,-3.25,-3.97,-3.39,-4.44,-5.82,-5.38,-5.68,-5.21,-6.09,-6.12
194808,0.94,1.1,0.69,-0.4,0.52,1.31,0.2,-0.61,0.76,-0.1
194809,-6.39,-3.59,-0.93,-1.87,-1.71,-2.96,-3.11,-3.35,-3.99,-5.95
194810,4.06,4.95,5.29,3.99,3.52,5.51,8.19,7.37,7.04,7.15
194811,-15.86,-8.78,-11.47,-7.43,-7.86,-8.16,-8.1,-11.13,-9.91,-11.74
194812,-0.58,0.5,0.12,5.34,2.24,2.75,2.2,4.12,4.52,5.54
194901,5.81,3.64,0.69,2.15,1.51,-0.16,1.21,-0.71,-1.47,-1.7
194902,-5.35,-3,-3.47,-1.52,-2.19,-2.99,-1.86,-2.36,-3.95,-4.24
194903,9.25,5.17,4.79,4.67,2.62,3.59,4.32,4.18,3.8,6.92
194904,-4.69,-5.47,-3.93,-3.46,-1.78,-0.8,-2.1,-1.33,-1.2,-1.32
194905,-6.8,-4.98,-4.36,-4.02,-3.67,-3.59,-1.91,-3.17,-1.27,-2.18
194906,1.33,-0.38,2.19,1.41,0.31,-1.1,-0.23,1.06,-0.35,-0.53
194907,7.07,6.98,7.05,6.66,6.62,5.17,6.42,5.5,3.9,4.88
194908,2.36,3.23,1.12,3.13,3.49,2.84,1.68,2.54,3.72,2.6
194909,6.07,6.2,4.77,3.06,2.55,3.31,1.89,2.75,2.73,4.63
194910,3.97,2.73,3.09,2.96,4.16,2.57,3.02,3.15,1.97,5.19
194911,-0.93,0.81,2.45,-1.27,0.65,2.04,2.87,2.25,2.82,3.66
194912,10.76,5.53,7.02,4.35,3.34,3.84,5.5,6.97,4.77,6.42
195001,5.79,4.75,2.69,1.96,1.03,0.77,0.58,1.95,1.53,2.61
195002,-0.54,0.51,0.23,0.74,1.2,1.59,1.67,2.72,2.85,2.06
195003,-2.66,2.29,1.55,1.74,0.61,0.78,0.73,2.86,-0.36,2.16
195004,5.21,4.25,2.48,3.15,3.83,2.63,3.35,3.63,8.74,3.19
195005,3.17,4.33,5.89,2.72,4.54,4.24,3.67,4.53,6.09,3.53
195006,-5.83,-4.78,-5.39,-4.69,-5.19,-7.54,-6.62,-6.5,-5.5,-7.33
195007,3.04,5.56,-0.45,2.67,4.13,3.72,1.9,0.93,-0.84,0.38
195008,3.37,1.95,3.54,3.81,3.11,4.44,5.25,5.37,7.95,7.91
195009,6.27,5.58,4.53,5.83,4.24,3.39,4.74,5.05,6.02,3.88
195010,-1.25,-2.24,0.59,-0.38,0.21,-0.4,0.16,0.7,0.47,1.72
195011,-1.6,-0.18,0.23,4.25,3.96,7.65,1.78,4.28,6.26,1.24
195012,1.77,2.41,3.32,6.1,7.55,5.49,7.38,8.46,4.52,9.59
195101,5.77,5.17,3.92,2.53,7.39,3.49,5.66,7.33,7.84,6.17
195102,2.21,2.01,3.28,1.44,2.28,2.05,2.09,-0.34,0,-0.73
195103,-0.08,-1.97,-1.43,-0.08,-2.37,-3.25,-0.98,-2.99,-3.18,-5
195104,0.56,0.6,1.98,2.32,3.57,7.34,6.12,8.82,8.49,7.75
195105,-1.31,-0.9,-0.32,-2.73,-2.27,-2.48,-3.79,-1.2,-2.93,-3.76
195106,-2.03,-0.77,-1.58,-3.42,-1.96,-4.38,-2.07,-3.9,-0.57,-3.85
195107,3.57,3.9,4.66,5.67,4.14,6.48,9.29,10.67,12.25,11.97
195108,4.19,4.89,3.4,3.94,3.45,6.74,3.76,5.57,4.61,2.11
195109,0.11,0.66,0.08,2.06,2.12,1.01,1.99,2.16,-0.13,-0.94
195110,-2.34,-2.13,-1.47,-1.69,-1.62,-3.7,-5.29,-4.14,-2.96,1.03
195111,0.43,1.08,0.92,0.64,0.8,0.2,1.11,0.69,0.16,0.92
195112,1.78,1.35,2.61,0.97,4.76,2.49,4,4.73,3.74,5.14
195201,1.63,0.83,1.98,-0.86,0.09,2.52,0.11,2.39,3.16,3.92
195202,-3.44,-3.11,-2.56,-1.5,-2.41,-0.99,-1.82,-2.13,-3.24,-3.99
195203,3.07,3.87,3.41,3.64,1.95,5.94,2.84,3.85,5.31,7.35
195204,-6.14,-3.65,-3.63,-5.04,-2.22,-3.81,-3.32,-3.93,-7.18,-7.65
195205,2.54,4.59,2.77,2.73,1.99,3.95,3.44,3.4,3.08,3.78
195206,2.44,2.78,3.08,4.26,4.49,2.25,4.59,3.92,4.78,4.79
195207,1.97,2.45,0.82,1,1.4,1.44,1.26,1.63,0.59,-0.43
195208,-0.83,-0.65,-0.75,-0.45,-0.38,-0.78,0.02,-0.35,-1.66,0.4
195209,-4.07,-3.48,-2.75,-2.26,-1.47,-1.99,-1.38,-0.92,-2.11,-0.9
195210,-2.66,-2.43,-1.75,-1.59,-1.28,-0.09,0.03,-0.21,0.64,-0.91
195211,8.18,6.12,5.45,5.81,6.65,5.61,4.71,6.37,7.17,6.62
195212,0.08,2.73,2.4,1.54,2.89,2.71,2.96,3.71,2.51,5.1
195301,-0.76,-0.38,-1.05,-0.49,-1.82,1.6,0.48,0.18,-0.69,-0.35
195302,0.3,0.26,-0.46,-0.59,0.36,0.1,-0.83,0.48,0.34,-0.7
195303,-1.55,-1.51,-1.12,-0.8,-0.11,-1.41,-0.94,-1.55,-0.35,-3.86
195304,-5.87,-4.37,-3.86,-2.96,-1.64,-1.91,-2.73,-1.24,-1.81,-1.83
195305,-1.38,1.42,0.82,0.53,-0.32,0.44,0.68,1.18,0.87,1.5
195306,-3.04,-0.31,-1.46,-2.26,-1.9,-2.01,-0.78,-2.8,-1.79,-2.37
195307,1.74,3.28,3.1,2.62,1.77,2.97,2.2,2.46,2.55,2.18
195308,-6.5,-5.68,-5.13,-5.86,-3.21,-4.35,-3.13,-4.6,-2.76,-5.83
195309,-2.58,-1.47,-0.43,-0.89,0,0.68,0.38,1.46,2.58,1.3
195310,2.09,5.18,5.33,3.93,6.11,4.59,4.25,4,5.12,3.89
195311,1.99,0.98,1.48,2.26,2.46,3.19,2.92,3.74,3.85,4.64
195312,-4.58,-3.28,-2.49,-1.24,0.26,-0.02,1.41,1.57,1.05,1.09
195401,7.41,10.67,9.25,6.03,6.57,6.18,2.56,3.8,3.54,4.86
195402,0.94,0.78,1.42,0.58,1.26,1.1,2.53,1.22,2.07,3.47
195403,3.57,3.29,2.05,1.57,3.06,3.05,2.6,2.94,5.54,7.24
195404,-6.56,-1.19,1.4,2.62,2.12,4.52,3.83,6.57,3.69,8.13
195405,9.36,3.87,6.38,4.61,3.32,3.26,4.12,3.87,1.79,0.96
195406,-1.65,-2.6,-1.32,0.5,0.54,1.57,0.82,-0.42,-0.59,4.86
195407,6.09,5.01,4.46,7.59,4.29,4.5,8.12,5.56,4.06,2.84
195408,-0.73,-2.35,-1.92,-2,-1.29,-1.18,-1.27,-2.95,-2.88,-4.21
195409,5.04,5.24,6.32,3.8,3.24,6.99,5.54,7.02,10.52,7.14
195410,-2.58,-0.97,-1.43,-2.15,-3.44,-1.45,-2.37,-1.08,0.19,-0.34
195411,9.05,8.05,5.93,8.63,6.88,10.41,10.45,11.64,10.09,10.75
195412,11.14,7.27,3.34,5.55,4.47,6.59,5.06,6.14,5.3,6.69
195501,-0.63,0.05,0.64,1,-0.89,-1.25,1.77,0.2,2.63,4.19
195502,2.35,4.21,2.43,2.72,3.06,3.3,1.99,3.18,4.04,3.71
195503,-0.02,-0.73,-0.01,-0.74,0.35,0.46,-1.23,-0.34,3.21,1.76
195504,2.43,2.56,1.69,2.88,2.77,2.8,5.71,1.37,1.93,2.83
195505,-0.71,1.41,-0.07,1.3,0.7,1.73,2.05,3.06,-0.13,1.97
195506,5.63,2.88,3.06,7.75,8.72,4.78,7.81,10.38,9.53,8.21
195507,0.48,0.57,1.81,0.96,0.58,3.13,9.5,-1.76,-0.39,-0.35
195508,0.15,-1.14,0.35,0.2,1.95,1.04,-1.14,-0.82,1.49,3.86
195509,-2.67,-1.75,-0.28,-1.32,-2.59,-1.07,-0.9,-0.63,-1.21,5.45
195510,-2.38,-1.17,-1.87,-1.73,-3.48,-1.06,-1.31,-3.92,-2.28,-5.25
195511,6.42,5.67,3.49,4.27,9.48,5.35,7.79,9.06,8.33,9.01
195512,2.12,2.59,4.05,0.1,2.36,0.88,2.42,2.92,0.83,-1.01
195601,-2.57,-2.48,-0.04,-1.35,0.2,-2.38,-3.96,-2.87,-3.43,-5.94
195602,3.69,2.28,2.3,2.72,2.44,4.74,4.9,4.6,4.11,5.13
195603,0.93,6.28,4.33,4.65,7.31,4.9,7.17,8.54,8.67,6.63
195604,-1.53,-1.74,-0.97,0.33,-0.77,-0.87,0.19,-0.29,1.53,1.92
195605,-6.26,-3.02,-2.09,-2.29,-2.86,-4.36,-4.99,-6.01,-6.39,-5.56
195606,1.22,1.75,2.95,1.49,1.92,1.86,3.99,5.33,6.38,3.35
195607,2.64,3.25,3.23,4.43,5.47,4.78,5.5,4.4,5.92,8.15
195608,-1.07,-1.98,-3.31,-1.96,-0.77,-1.75,-2.08,-5.12,-3.86,-4.63
195609,-2.47,-4.75,-4.84,-4.34,-3.31,-2.33,-4.97,-6.47,-6.28,-6.9
195610,-0.4,0.35,0.44,-0.52,-0.49,1.24,1.44,1.5,1.78,1.16
195611,-1.78,-3.42,-0.39,0.52,0.6,-1.39,0.47,3.23,1.09,3.07
195612,1.53,3.09,1.89,2.6,2.53,2.98,3.51,4.23,2.97,7.31
195701,-0.79,-2.9,-0.79,-1.88,-2.41,-3.72,-2.38,-3.18,-6.29,-5.66
195702,-3.86,-2.95,-1.35,-0.14,-0.42,-1.79,-1.27,-2.81,-4.06,-0.85
195703,3.6,1.34,1.8,2.91,3.5,2.68,2.36,1.9,1.76,3.98
195704,3.88,3.54,4.97,6.07,4.53,1.99,3.16,4.57,4.26,7.07
195705,3,4.32,2.6,3.13,5.42,2.93,2.22,3.47,3.32,5.6
195706,-0.05,-0.68,-0.82,-2.23,-1.09,-0.73,-0.6,1.06,-2.88,2.39
195707,-1.9,-0.69,2.18,3.41,-0.09,0.46,1.11,1.46,0.5,-1.16
195708,-8.75,-5.44,-5.12,-3.64,-4.99,-1.57,-4.87,-5.51,-5.7,-6.83
195709,-7.86,-5.62,-5.21,-5.26,-5.05,-4.28,-4.88,-6.44,-6.92,-5.9
195710,-7.94,-6.53,-5.65,-3.79,-2.88,-4.77,-3.74,-4.62,-3.26,-3.08
195711,5.28,1.89,3.53,-2.25,1.65,2.41,4.66,1.12,4.8,6.65
195712,-11.7,-9.42,-8.85,-6.45,-5.13,-3.64,-1.6,-0.9,-1.06,-2.52
195801,14.1,8.95,9.06,5.02,6.43,4.33,4.49,3.41,3.36,2.21
195802,-4.82,-3.16,-2.65,-2.9,-0.36,-2.51,-1.45,-1.37,-0.19,0.23
195803,5.13,7.67,5.25,1.11,3.79,2.89,2.07,2.37,2.42,4.92
195804,2.42,0.27,2.33,1.94,5.62,4.91,2.45,2.27,2.72,3.52
195805,3.33,3.19,4.89,3.95,-0.03,2.5,1.73,3.43,1.74,1.36
195806,4.86,4.48,2.74,4.17,2.8,2.85,1.64,2.77,2.61,3.38
195807,12.32,9.23,0.56,6.66,7.02,5.35,1.82,2.87,1.94,1.67
195808,2.75,2.78,2.5,1.47,2.02,2.31,2.59,1.14,-0.01,2.4
195809,7.43,4.83,4.97,4.98,4.61,4.28,5.42,2.37,5.55,5.63
195810,4.1,-0.13,2.32,1.21,3.48,2.96,3.39,5.35,4.3,6.06
195811,0.35,2.88,2.98,3.12,2.12,3.92,3.36,2.92,5.45,6.59
195812,5.42,3.26,8.32,4.37,5.28,5.73,5.27,3.67,6.42,5.26
195901,0.4,0.91,1.59,2.39,0.87,-0.41,1.48,1.7,0.91,0.47
195902,0.34,-1.12,-1.24,1.99,2.31,2.01,-1.72,3.62,3.15,4.19
195903,0.28,1.18,0.85,1.49,-0.06,-0.5,1.17,-0.67,0.35,3.91
195904,0.84,2.83,3.68,1.98,3.97,5.13,5.03,5.86,4.77,8.58
195905,0.58,-0.7,2.68,3.07,1.64,-0.04,4.61,7.47,0.93,0.15
195906,-1.31,-2.61,0.02,1.05,0,-0.89,-0.54,1.68,0.78,5.83
195907,4.3,3.61,3.23,3.66,3.64,5.11,3.8,3.31,1.78,-0.32
195908,-3.17,-2.46,-0.49,1.6,-0.61,-0.6,-0.44,-3.07,-0.97,-2.54
195909,-6.49,-6.71,-3.38,-3.79,-4.73,-3.24,-4.78,-4.08,-3.99,-5.21
195910,0.46,-0.56,1.72,2.3,1.02,-0.11,0.56,4.06,1.05,8.69
195911,-0.08,-0.12,1.48,0.63,1.37,1.99,2.24,0.39,4.65,6.29
195912,1.78,4.33,1.77,1.08,3.91,2.82,3.77,3.71,1.87,1.08
196001,-5.38,-6.05,-3.92,-6.62,-2.79,-7.67,-9.55,-8.68,-6.39,-7.83
196002,-1.92,-3.01,-1.67,1.15,-0.17,4.78,-0.16,3.47,0.97,6.5
196003,-4.94,-1.5,-0.45,-2.54,-3.08,0.24,-1.51,-1.46,0.54,-1.3
196004,-3.68,-3.04,-2.13,-2.68,-1.1,-1.07,-3.44,-0.3,-1.01,1.35
196005,1.55,-0.06,-0.67,2.51,1.35,2.08,3.23,2.61,8.1,8.57
196006,-1.1,3.84,1.4,1.1,2.72,2.09,2.98,2.14,2.71,3.48
196007,-2.85,-0.36,-0.79,-2.18,-2.08,-3.98,-2.58,-2.98,-1.3,-3.54
196008,4.55,0.75,2.42,3.3,2.33,2.18,3.84,3.46,4.43,2.88
196009,-6.48,-6.37,-3.52,-5.61,-5.86,-6.07,-5.35,-7.54,-5.44,-7.77
196010,-2.63,-0.9,-1.2,-0.75,0.32,-0.93,1.55,0.96,-0.37,-1.1
196011,1.65,3.67,3.35,1.4,5.2,4.43,5.71,5.54,4.93,9.38
196012,7.54,2.89,3.71,2.11,5,3.19,4.01,5.54,6.12,8.05
196101,9,9.26,5.75,8.33,7.81,6.41,6.2,4.22,6.23,4.55
196102,7.76,4.06,3.92,1.14,5.73,3.25,3.96,3.01,3.86,4.91
196103,4.77,1.17,1.35,1.5,1.88,2.69,2.54,1.65,6,4.49
196104,-6.32,-0.23,-2.34,-0.66,0,0.69,3.95,1.81,0.74,0.55
196105,7.55,3.67,1.44,3.15,3.88,2.91,1.89,1.21,3.24,1.36
196106,-4.46,-3.56,-1.26,-3.65,-2.46,-2.17,-3.07,-3.19,-2.7,-2.1
196107,1.42,2.04,3.35,3.43,3.27,2.71,2.77,4.33,2.52,1.82
196108,2.4,2.5,0.82,1.16,2.64,3.75,2.32,2.62,5,6.55
196109,-0.68,-4.65,-1.05,-3.21,-2.3,-1.14,-1.63,-1.48,-2.89,-2.48
196110,1.16,-0.56,2.74,1.54,2.92,2.97,2.08,4.8,4.24,3.64
196111,4.85,3.08,3.85,3.88,5.27,4.07,6.37,4.04,3.08,8.11
196112,3.17,0.64,-0.78,1.82,2.43,1.65,0.66,-3.07,-1.05,-4.25
196201,-3.93,-2.67,-3.63,-2.21,0.36,-4.46,-2.78,-3.56,-5.62,-6.32
196202,-0.69,0.8,1.46,1.82,3.86,3.42,3.94,0.2,0.54,1.84
196203,-0.84,-2.3,-0.71,-0.48,-0.21,0.05,-0.78,0,0.84,-2.27
196204,-8.51,-9.37,-8.35,-6.02,-5.89,-4.29,-9.66,-5.21,-5.34,-4.3
196205,-11.36,-8.41,-8.55,-7.73,-8.82,-7.28,-10.05,-7.67,-7.45,-10.88
196206,-13.84,-12.84,-12.18,-10.15,-10.19,-7.79,-7.92,-7.23,-5.75,-5.63
196207,8.93,4.65,3.46,8.23,6.07,7.25,4.84,7.5,6.34,6.24
196208,5.09,1.76,2.17,0.81,0.83,1.26,3.36,3.83,2.39,2.66
196209,-7.96,-7.26,-6.67,-8.39,-5.05,-4.94,-4.74,-4.06,-3,-2
196210,-1.43,0.7,-0.65,-0.89,0.23,1.97,1.4,-1.28,1.26,-0.25
196211,17.68,16.57,15.18,12.97,12.32,10.3,8.8,9.06,10.39,8.31
196212,-1.76,-2.6,-0.93,0.05,-1.45,0.79,2.56,2.36,1.91,4.66
196301,4.88,7.91,6.79,6.34,4.03,5.83,4.66,5.06,5.12,3.32
196302,-3.77,-2.22,-3.8,-2.93,-3.02,-2.86,-1.14,-1.25,-2.43,-1.59
196303,2,2.21,3.95,2.37,2.53,2.12,2.99,3.1,4.41,5.39
196304,3.61,7.73,4.14,4.8,4.51,4.04,5.17,4.38,4.28,5.05
196305,2.97,2.31,2.79,1.49,2.55,0.44,1.4,3.33,1.64,3.12
196306,-1.74,-2.86,-2.92,-1.38,-1.92,-3.66,-2.37,-0.32,-0.67,-2.14
196307,-2.77,-1.16,-1.01,-0.4,-1.08,1.55,-0.61,0.51,-0.56,0.41
196308,6.03,4.63,5.72,4.61,5.84,5.03,5.26,3.97,6.48,9.22
196309,-3.08,-2.83,-1.34,1.55,-1.74,-1.36,-0.7,-2.82,-2.67,-2.07
196310,1.9,1.61,-0.09,1.79,2.75,2.8,1,0.89,8.15,5.49
196311,0.2,-1.36,-0.55,1.91,-1.1,-1,0.46,-4.12,-0.99,-0.18
196312,-2.49,-1.08,2.05,2.08,2.33,2.41,2.15,3.68,2.81,0.75
196401,0.96,1.16,0.15,1.61,2.73,2.23,4.08,4.01,1.89,1.91
196402,1.76,2.76,1.05,1.47,2.03,1.82,2.14,1.3,1.68,3.55
196403,0.51,1.94,2.23,1.8,0.62,1.48,2.48,1.03,2.14,3.58
196404,-0.65,2.22,0.52,-0.1,0.81,1.66,0.18,0.97,-0.4,-0.51
196405,0.24,-0.41,0.71,0.45,1.92,0.45,1.11,3.14,2.12,3.95
196406,1.02,1.7,1.08,1.43,1.92,2.6,0.14,2.52,0.17,0.89
196407,1.89,2,3.37,3.05,3.44,2.62,0.11,3.06,2.05,0.73
196408,-1.31,0.48,-1.14,-0.06,-1.34,-1.95,-1.53,-1.05,-1.79,-0.88
196409,5.79,3,3.82,2.98,2.62,2.31,1.81,3.71,2.24,6.39
196410,1.54,1.8,1.3,0.62,0.66,-0.48,1.91,0.71,1.09,0.04
196411,-3.06,0.34,0.75,-0.22,-0.31,0.18,-0.1,1.86,-0.22,0.01
196412,-0.22,-0.19,2.34,-0.01,-0.71,1.07,-0.04,0.69,-1.17,-0.79
196501,7.8,1.75,5.92,4.59,4.93,5.09,2.95,2.8,2.05,4.5
196502,2.54,1.65,1.33,1.2,-1.56,1.45,-0.36,0.93,-0.06,2.83
196503,-1.11,-1.1,-0.07,-1.51,-0.65,-1.36,-2.05,-0.5,-0.57,0.28
196504,2.71,2.64,2.15,3.23,2.23,1.74,3.02,5.73,5.94,5.07
196505,-1.23,0.53,-1.2,0.2,0.58,-0.72,-2.27,1.01,-0.81,-0.62
196506,-3.46,-4.15,-3.32,-4.46,-5.47,-4.6,-6.24,-7.48,-7.96,-9.4
196507,0.95,0.1,0.33,2.64,1.32,0.24,2.92,3.1,6.22,7.46
196508,4.65,0.96,2.78,2.65,2.41,1.97,2,3.31,6.76,7.66
196509,1.91,2.66,1.67,1.42,5.09,1.18,3.16,5.82,5.3,5.33
196510,3.92,2.52,0.26,4.3,1.2,1.69,2.73,5.2,4.12,7.85
196511,-1.41,0.78,-0.82,-2.1,-2.48,0.47,2.7,1.28,1.58,8.45
196512,3.35,1.36,0.72,0.89,0.34,1.48,1.11,0.81,1.36,4.05
196601,0.85,-1.11,-2.41,0.19,1.26,0.68,1.84,4.39,4.51,9
196602,-2.59,-2.37,-2.1,-2.03,-0.74,-2.16,-0.5,-0.37,1.58,8.27
196603,-3.82,-1.86,-2.64,-4.18,-0.89,-1.38,-1.84,-0.98,-1.17,1.12
196604,1.88,0.26,1.75,-0.2,3.39,4.13,4.05,4.48,6.07,5.08
196605,-3.36,-4,-4.78,-4.09,-4.41,-4.59,-8.01,-6.09,-7.29,-10.99
196606,-1.52,-1.92,-2.24,-2.53,-1.49,-1.98,-0.48,1.46,0.51,3.6
196607,-1.77,0.46,-0.56,-0.92,-2.7,-3.07,-0.01,-3.08,-0.4,-2.15
196608,-5.07,-7.05,-7.79,-6.58,-8.53,-7.55,-7.4,-9.04,-9.63,-9.18
196609,-3.87,-0.11,2.66,0.47,-0.83,2.43,-1.61,-1.36,-2.3,-4.87
196610,2.33,8.1,7.05,7.1,6.28,4.88,5.29,0.34,0.94,-5.46
196611,-0.93,-1.93,-1.02,-2.55,1.87,7.23,1.91,3.27,7.27,12.08
196612,2.49,-0.25,-0.06,0.59,-1.29,0.52,1.6,0.28,0.23,1.38
196701,14.46,15.22,13.98,5.97,8.99,6,6.15,7.26,6.79,8.51
196702,0.31,-1.91,-1.01,-0.1,0.44,1.35,1.15,-0.08,2.05,5.29
196703,2.48,3.84,4.81,4.58,4.94,4.04,5.34,3.63,4.03,6.39
196704,6.82,6.67,5.53,3.67,3.28,2.43,0.5,3.65,5.3,6.3
196705,-6.93,-2.44,-5.1,-2.69,-2.28,-3.48,-5.12,-3.57,-3.7,-3.36
196706,2.58,0.21,1.72,1.78,-0.45,2.22,2.24,3.61,6.12,8.46
196707,10.06,5.61,6.25,1.26,3.23,4.64,5.97,5.74,4.69,7.25
196708,-0.61,-0.81,-0.48,-0.24,0.13,-0.54,0.13,-0.79,-1.2,-1.73
196709,4.36,2.21,3.23,2.12,2.16,2.97,2.6,5.16,5.41,4.45
196710,-4.03,-3.38,-4.27,-3.61,-5.46,-2.78,-2.26,2.55,-1.77,0.68
196711,1.37,0.63,-0.48,-0.62,-1.76,1.57,2.39,2.41,0.8,1.12
196712,2.37,3.93,2.1,4.05,2.43,3.29,2.65,2.13,5.54,9
196801,0.27,-2.01,-1.46,-4.78,-3.44,-4.69,-6.5,-6.1,-5.45,-6.92
196802,-3.6,-2.02,-1.99,-1.87,-2.26,-4.56,-1.99,-6.68,-3.33,-8.95
196803,-1.85,0.33,-0.96,-1.53,0.93,1.4,-0.04,4.86,1.35,2.56
196804,10.94,6.59,6.62,7.95,8.55,8.03,9.72,11.66,13.59,19.19
196805,1.57,0.78,1.42,0.29,4.31,2.8,0.23,5.14,4.06,10.17
196806,1.8,3.92,1.93,0.33,1.45,0.6,0.77,-0.26,-0.84,0.73
196807,-2.39,-1.57,-1.53,-3.22,1.7,-1.3,-4.85,-4.08,-3.37,-4.48
196808,0.86,1.71,1.43,0.56,2.13,1.69,2.53,1.27,3.72,4.9
196809,6.85,7.01,4.1,3.24,4.23,3.89,3.22,2.07,5.65,9.83
196810,1.9,1.22,3.1,2.01,1.06,-0.35,-0.85,-0.39,3.03,-1.57
196811,8.55,6.84,2.94,5.42,6.37,4.34,4.19,7.66,7.79,9.97
196812,-4.95,-4.14,-3.99,-3.99,-2.23,-3.51,-3.15,-2.54,-3.39,-2.85
196901,-2.77,1.34,-1.9,0.26,0.05,-1.33,-0.19,-1.62,-0.47,-1.87
196902,-7.88,-5.21,-2.3,-6.23,-4.77,-5.87,-7.17,-7.63,-6.65,-10.46
196903,-1.09,3.74,1.13,3.04,3.5,4.47,4.75,4.53,4.6,5.69
196904,0.38,3.57,1.4,3.29,-0.09,1.32,2.31,2.14,2.32,3.36
196905,-2.74,0.46,-1.09,0.02,1.43,0.2,1.27,0.78,-0.22,2.99
196906,-11.88,-6.95,-0.68,-6.46,-5.22,-7.62,-6.27,-6.3,-9.05,-11.47
196907,-12.33,-11.7,-5.22,-4.46,-5.28,-4.6,-7.09,-5.24,-7.86,-6.9
196908,6.41,4.44,3.47,3.3,3.58,5.53,3.9,3.55,7.25,10.45
196909,-4.41,-3,-4.32,-3.07,-4.12,-3.94,-1.12,-1.53,-1.91,-2.81
196910,10.71,9.29,9.5,3.82,4.38,6.16,6.19,3.25,4.76,6.65
196911,-6.96,-5.93,-4.68,-4.88,-5.4,-4.07,-4.4,-2.61,-2.13,-0.39
196912,-8.2,-6.17,-5.2,-3.75,-3.1,-3.47,-3.64,-1.76,0.78,1.37
197001,-6.49,-7.7,-9.36,-12.09,-7.22,-9.09,-6.34,-7.25,-6.01,-7.05
197002,3.53,4.54,6.63,6.86,7.09,5.36,5.67,8.03,7.31,3.18
197003,-3.87,-2.57,-0.5,0.24,1.77,2.05,3.22,1.12,-1.68,-2.96
197004,-17.38,-12.98,-8.42,-12.59,-9.88,-9.57,-8.55,-10.11,-10.1,-11.46
197005,-9.64,-4.93,-0.92,-0.68,-7.54,-8.55,-6.57,-6.55,-8.34,-6.2
197006,-11.46,-11.85,-6.49,-3.02,-5.16,-5.96,-6.39,-5.95,-5.17,-0.93
197007,4.7,12.16,10.71,10.55,9.24,10.83,5.47,7.59,5.91,4.43
197008,12.9,9.42,8.89,7.33,6.93,5.67,4.51,5.55,2.43,2.01
197009,22.69,12.53,7.53,8.27,6.78,5.41,1.88,2.64,1.28,4.14
197010,-14.51,-11.08,-4.6,-3.52,-1.12,-1.68,-0.51,-1.42,0.54,-1.28
197011,-1.21,5.12,3.25,3.86,5.19,5.32,4.15,6.04,5.86,5.66
197012,5.89,11,7.72,8.19,7.36,7.03,7.7,6.68,4.45,3.45
197101,13.69,11.76,10.83,7.61,3.62,6.78,6.02,3.21,3.97,2.07
197102,4.52,0.11,1.58,2.27,1.95,-0.61,1.56,1.4,1.5,4
197103,7.95,6.2,5.97,5.92,2.14,4.06,2.6,4,3.21,5.21
197104,3.64,2.68,4.45,0.31,3.39,4.07,3.67,5.4,5.32,4.91
197105,-5.87,-4.71,-1.93,-3.35,-5.22,-2.18,-3.28,-5.34,-2.82,-2.98
197106,-3.12,0.07,1.63,0.02,-0.15,-0.13,0.26,-0.36,2.48,2.71
197107,-4.97,-3.71,-1.51,-5.19,-3.16,-2.97,-3.3,-5.31,-8.13,-6.21
197108,2.37,1.01,3.91,2.67,2.8,7.36,5.73,4.74,5.47,8.75
197109,-3.67,-1.23,-1.05,-1.45,1.07,0.87,-0.44,-0.55,-0.72,0.62
197110,-9.15,-4.04,-2.8,-2.25,-3.52,-3.71,-4.33,-4.39,-6.03,-4.11
197111,-3.43,-1.5,0.3,0.4,-0.4,0.23,0.78,-0.55,0.18,0.97
197112,11.8,10.12,8.99,7.74,8.27,9.31,8.5,8.66,9.97,10.8
197201,6.24,-0.65,1.59,0.34,4.21,3.09,2.48,2.03,1.88,6.1
197202,4.86,4.48,-0.23,-0.15,1.68,1.86,5.08,3.31,5.05,5.68
197203,-1.66,-2.87,-0.5,-1.51,-0.93,2.77,1.19,0.28,3.46,1.31
197204,-2.36,0.82,-0.85,-0.81,-1.22,1.14,1.29,0.22,2.69,1.26
197205,-2.55,1,-1.47,1.75,-0.96,0.04,1.55,1.67,3.48,5.65
197206,-6,-3.93,-3.11,-2.34,-1.64,-2.28,-2.35,-2.8,-1.37,0.56
197207,-4.75,-2.67,-3.29,-1.1,0.67,-1.43,-1.29,1.2,1.74,0.01
197208,4.38,9.27,7.47,6.51,5.67,7.13,2.37,1.1,2.06,-1.54
197209,-4.29,-3.17,-1.66,-1.04,1.65,-2.39,-2.42,-0.42,-0.16,0.52
197210,-3.31,0.15,1.25,-0.32,2.62,1.26,2.54,0.43,-0.08,1.71
197211,9.3,8.58,9.65,7.6,8.17,8.37,5.54,2.72,2.07,1.58
197212,-4.3,-3.19,-1.74,-1.2,-1.01,-0.46,1.44,1.87,2.07,5.35
197301,-10.76,-7.56,-6.36,-5.33,-5.24,-4.34,1.36,-0.98,-1.16,-2.88
197302,-9.29,-8.83,-8.68,-4.23,-4.13,-4.69,-3.11,-3.57,-2.53,-5.11
197303,-4.1,-3.04,-2.55,-3.86,-1.73,-1.4,-2.75,-0.58,-0.23,1.79
197304,-11.5,-12.99,-8.53,-8.52,-6.7,-4.55,-3.62,-3.32,-4.62,-3.08
197305,-12.94,-9.24,-8.39,-6.95,-4.9,-2.82,-2.05,-0.92,-1.31,-0.23
197306,-8.62,-5.51,-2.97,-1.53,-4.54,-3.41,-1.85,-0.14,0.06,0.73
197307,20.92,13.39,14.69,11.78,11.34,10.22,7.33,3.06,2.83,2.43
197308,-7.12,-5.57,-5.2,-4.17,-2.46,-3.14,-3.17,-2.08,-4.08,-2.87
197309,10.8,12.93,15.02,11.3,10.31,12.13,6.44,-0.96,3.77,5.28
197310,-5.67,-5.52,-3.82,-1.91,-2.92,-4.26,0.91,0.26,-0.99,4.06
197311,-23.26,-22.42,-19.84,-17.99,-11.37,-13.87,-9.56,-11.06,-9.23,-9.25
197312,-5.99,-4.38,-5.77,-3.05,0.28,1.4,-1.86,1.37,3.44,7.44
197401,12.64,7.95,9.03,6.15,4.56,4.06,-0.37,0.03,-0.19,-6.09
197402,-2.33,-0.2,1.7,0.33,-0.59,-1.61,-0.82,0.12,0.4,1.79
197403,0.63,-1.98,-4.1,-1.27,-0.86,-0.6,-2.27,-2.56,-3.29,-4.64
197404,-10.29,-7.91,-4.5,-3.57,-3.64,-4.01,-4.97,-3.68,-4.76,-4.12
197405,-8.13,-5.22,-3.63,1.53,-1.91,-2.77,-3.63,-5.38,-5.25,-9.17
197406,-5.23,-6.12,-1.75,-2.77,-1.54,-1.11,-2.53,-1.71,-1.78,-1.3
197407,-10.8,-6.27,-10.52,-7.43,-7.73,-9,-8.1,-5.72,-4.86,-3.63
197408,-11.94,-9.19,-10.45,-7.99,-9.22,-11.14,-8.1,-7.35,-7.77,-8.86
197409,-14.1,-11.74,-13.24,-13.37,-13.11,-11.87,-11.37,-5.87,-9.32,-9.13
197410,14.63,19.84,19.22,20.25,13.56,9.9,17.24,19.85,14.33,20.34
197411,-2.99,-5.61,-4.32,-4.13,-5.35,-3.63,-4.64,-3.34,-1.28,-3.68
197412,-4.99,-6.88,-4.21,-3.47,-3.79,-1.45,-0.73,-2.17,0.96,-3.37
197501,31.16,23.7,19.96,13.17,13.63,12.8,7.63,9.56,13.08,11.42
197502,6.8,6.55,5.3,9.02,5.03,8.7,4.24,6.36,4.93,3.97
197503,8.18,3.3,5.1,2.97,1.32,3.34,1.3,0.33,4.09,7.1
197504,4.5,7.1,3.89,6.82,6.06,3.31,2.87,4.03,3.05,7.64
197505,5.06,7.91,5.7,5.41,4.93,7.29,6.74,3.89,5.27,4.93
197506,6.46,4.16,6.05,3.07,5.87,5.57,6,6.44,5.72,5.63
197507,-8.01,-8.57,-6.15,-5.06,-5.18,-6.71,-6.41,-5.15,-5.8,-4.05
197508,-4.48,-2.65,-1.67,-1.64,-2.23,-3.27,-0.83,-2.9,-2.98,-2.54
197509,-3.65,-6.79,-3.47,-3.19,-1.99,-2.59,-4.25,-4.67,-4.76,-1.79
197510,2.27,8.52,7.17,4.63,6.04,7.46,4.34,5.68,6.16,3.18
197511,3.28,5.82,3.23,3.48,1.72,3.17,2.19,2.22,3.09,1.58
197512,-1.3,-2.4,-2.1,-0.41,-2.21,-1.52,0.27,-1.28,-0.29,-1.26
197601,9.88,9.84,11.35,13.67,12.74,13.16,13.66,14.12,13.86,18.98
197602,2.45,0.91,1.16,0.6,0.67,-1.41,0.04,-1.08,3.4,5.28
197603,1.41,4.2,2.27,3.39,4,3.47,1.34,2.34,0.91,0.82
197604,-3.14,-2.89,-1.37,0.42,-0.52,-0.39,-0.08,0.23,-0.8,-2.57
197605,0.17,-2.02,-2.16,-0.12,-0.42,-0.94,0.11,-1.07,-1.72,-2.69
197606,6.98,5.05,3.26,4.14,6.76,2.3,4.95,2.92,3.62,4.58
197607,-0.99,-0.64,-2.02,-0.06,1.11,0.46,-0.58,-1.63,-1.67,-1.12
197608,-1.55,0.98,0.28,-0.32,1.55,-0.19,-0.79,-0.39,-2.39,-2.2
197609,1.85,1.59,2.5,2.99,3.46,1.75,3.84,2.78,0.92,2.63
197610,-3.63,-2.29,-2.08,-2.36,-2.51,0.11,-0.78,-3.02,-2.45,-3.57
197611,-0.07,-2.49,-0.65,1.83,1.37,1.27,1.4,2,4.03,3.34
197612,5.08,5.52,5.17,6.29,4.61,5.22,8.25,8.28,6.92,8.21
197701,-9.38,-5.1,-5.84,-3.46,-2.48,-2.63,-2.02,-2.07,-0.96,2.43
197702,-1.79,-1.41,-1.61,-0.55,-1.93,-1.05,-2.08,-2.44,-1.81,-1.85
197703,-2.8,-1.58,-0.47,-1.86,0.25,-0.54,-1.91,0.18,-0.88,-0.63
197704,-4.12,-1.65,-0.45,1.18,-1.45,2.87,1.41,3.72,2.03,3.95
197705,-2.41,-3.39,-2.71,-1.28,0.22,-0.5,0.73,-0.23,-0.09,0.52
197706,5.87,4.64,4.27,5.95,4.38,3.65,4.42,5.65,6.96,6.94
197707,-2.19,-2.67,0.04,-1.86,-2.18,-0.85,-0.43,-0.96,-0.68,-1.06
197708,2.1,0.54,-0.06,-3.36,-2.01,-2.58,-2.97,-2.2,-2.09,-1.97
197709,-2.2,-1.11,-0.65,0.79,2.45,0.52,0.89,0.97,1.96,1.36
197710,-5.23,-3.89,-3.79,-3.34,-4.78,-3.23,-3.06,-2.71,-3.62,-4.83
197711,3.62,3.79,3.95,3.97,3.75,5.05,5.42,6.91,6.99,8.58
197712,0.12,-0.65,0.85,1.52,0.84,-0.32,0.66,1.67,1.8,2.01
197801,-5.81,-6.04,-6.36,-4.84,-5.4,-5.42,-5.15,-5.49,-5.33,-3.51
197802,-4.73,-2.19,-1.2,-1.32,-0.09,-0.62,-0.86,-0.14,2,1.5
197803,3.6,3.25,4.01,3.51,-0.6,3.84,4.19,5.58,6.24,6.34
197804,11.49,9.82,8.51,10.22,5.71,6.03,5.24,8.37,9.58,9.74
197805,1.66,1.91,1.58,0.9,0.38,2.89,3.51,4.68,5.69,8.72
197806,-4.45,-2.21,-1.31,-1.21,-0.66,-0.49,-0.97,0.41,0.37,2.23
197807,5.39,3.99,5.31,4.3,6.04,5.59,7.74,6.82,9.48,9.79
197808,4.13,4.84,3.31,2.78,3.23,4.24,4.02,4.91,8.08,10.61
197809,0.8,1.63,-0.46,-0.87,-1.5,-1.82,-1.88,-1.76,-2.34,-4.61
197810,-10.85,-7.32,-8.37,-8.31,-11.87,-12.19,-15.35,-16.31,-19.17,-23.23
197811,2.74,1.7,2.44,3.33,1.71,4.44,4.13,5.49,7.53,11.05
197812,-2.12,-0.97,0.21,-0.49,1.61,5.1,1.29,1.96,3.47,3.4
197901,9.61,6.48,5.54,4.88,3.8,4.29,3.69,4.5,5.48,6.49
197902,-2.81,-3.01,-1.87,-2.7,-3.12,-1.83,-2.84,-2.79,-4.81,-4.17
197903,8.48,5.04,4.83,2.91,5.9,7.25,6.26,8.33,8.76,10.32
197904,0.61,-0.76,1.36,0.55,-0.68,0.85,0.57,2.26,0.58,1.59
197905,-2.5,-0.73,-0.46,-0.39,-0.62,0.25,-3.62,-1.92,-2.28,-1.37
197906,5.76,4.7,3.33,3.33,5.51,4.37,6.13,3.36,6.97,6.58
197907,2.75,2.27,1.76,2.28,1.8,1.47,0.85,1.18,0.98,1.95
197908,8.36,8.36,6.14,6.11,4.49,4.71,5.75,6.84,8.21,7.3
197909,-3.89,-2.82,-2.64,-1.17,-1.47,0,-1.16,2.96,2.62,4.38
197910,-12.97,-7.96,-6.98,-8.13,-7.33,-8.4,-7.05,-6.46,-4.45,-6.44
197911,2.23,4.82,3.22,2.81,5.64,5.51,8.92,10,11.38,12.31
197912,2.56,-0.38,0.95,2.2,2.62,3.04,1.54,5.09,3.28,8.69
198001,4.05,0.77,2.59,0.97,4.05,6.87,8.91,9.5,12.28,12.97
198002,-5.16,-3.65,-5.04,-5.37,-5,-0.75,0.68,4.19,6.67,5.04
198003,-3.7,-7.12,-6.2,-6.61,-8.97,-10.76,-12.89,-14.94,-16.7,-21.25
198004,6.91,6.16,7,4.22,2.46,3.65,5.2,3.47,4.97,6.89
198005,9.08,5.37,6.9,5.71,7.3,6.85,7.68,7.27,5.3,3.95
198006,2.9,3.68,3.41,1.81,1.51,2.91,2.82,3.93,4.07,6.29
198007,10.1,9.4,8.36,6.3,4.54,5.76,7.75,8.78,6.85,6.34
198008,2.74,2.39,-0.11,2.01,0.04,1.69,1.97,2.14,2.49,5.13
198009,0.14,-0.24,-0.26,-0.92,-0.75,2.07,2.87,4.5,5.86,8.32
198010,-1.8,-2.72,-0.95,1.95,-1.69,-0.76,2.36,5.33,5.37,5.2
198011,0.87,-0.54,1.58,5.42,7.51,13.17,11.61,16.75,21.64,17.08
198012,-0.24,2.99,2.68,-0.01,-1.17,-0.71,-5.38,-6.64,-7.86,-7.27
198101,-0.76,0.75,2.78,0.21,-1.13,-2.66,-3.47,-5.17,-7.08,-11.23
198102,-0.07,3.97,2.14,1.79,1.98,2.84,3.13,0.38,2.2,0.04
198103,10.18,4.58,3.01,4.95,3.27,3.25,3.41,4.24,6.35,8.5
198104,-1.32,0.32,-0.08,0.77,-1.26,-2.73,0.34,-4.13,-1.12,-0.39
198105,0.09,2.41,-0.92,1.07,2.23,-0.15,-0.29,1.7,2.51,5.78
198106,4.16,2.7,1.14,-0.69,-0.66,-1.6,-1.64,-3.31,-4.23,-7.97
198107,4.51,2.86,0.06,0.87,-1.9,-2.59,-2.22,-1.38,-1.5,-2.48
198108,-7.89,-4.77,-3.85,-4.78,-4.53,-6.21,-7.31,-5.28,-6.44,-8.38
198109,-9.9,-7.24,-5.43,-6.09,-4.37,-4.76,-6.2,-4.38,-5.04,-8.14
198110,3.56,6.05,2.53,6.09,6.11,5.22,7.15,5.91,8.34,10.99
198111,3.7,4.96,5.05,7.43,4.54,3.98,5.3,3.48,2.97,2.78
198112,-5.25,-4.1,-2.11,-2.61,-1.65,-2.33,-2.49,-3.03,-2.19,-2.61
198201,-4.87,-6.16,-1.18,-4.72,-1.62,-2.55,-0.04,-1.17,-0.05,-3.52
198202,-9.16,-9.21,-5.73,-6.02,-6.16,-4.1,-1.63,-3.14,-0.67,-4.77
198203,-4.77,-2.21,-1.36,-1.25,-0.82,-2.16,0.04,1.58,1.75,-0.52
198204,5.72,4.36,4.84,4.05,4.3,3.67,4.7,5.4,2.79,4.4
198205,-6.43,-4.61,-3.62,-1.45,-3,-1.13,-2.73,-2.92,-3.25,-1.12
198206,-9.05,-5.45,-2.43,-1.1,-4.62,-2.81,-1.04,-0.75,-0.07,1.08
198207,-6.77,-4.71,-3.49,-3.21,-4.44,-3.82,-2.66,-0.3,2.39,-1.57
198208,10.61,16.43,15.25,13.24,11.56,13.77,10.5,10.81,10.99,9.53
198209,-3.06,0.15,2.41,3,1.26,2.04,1.01,1.94,2.56,4.7
198210,13.81,12.36,13.03,11.91,8.82,16.88,12.3,10.61,10.33,13.87
198211,1.84,5.33,-1.05,5.47,4.36,5.61,6.82,5.42,6.81,9.95
198212,3.82,2.52,1.37,-0.58,0.21,1.66,0.94,0.54,2.72,0.07
198301,6.95,4.82,4.35,8.74,4.47,1.63,2.42,2,4.35,2.56
198302,-2.02,2.21,2.6,1.15,3.45,3.03,4.25,4.12,5.06,6.91
198303,2.19,3.69,4.24,4.04,1.14,3.7,3,3.69,3.26,4.89
198304,6.51,8.67,7.72,6.53,5.43,5.79,5.7,10.43,4.79,10.63
198305,8.67,2.53,-0.56,0.53,0.84,-0.84,-0.28,-0.36,1.52,4.75
198306,4.62,4.91,2.46,0.98,1.98,4.18,2.5,6.34,4.78,5.71
198307,-2.67,-1.42,-3.45,-2.36,-2.59,-4.14,-1.85,-3.34,-3.75,-7.84
198308,-0.23,3.82,3.39,2.04,2.69,-0.71,-0.38,-2.1,-5.05,-4.52
198309,3.58,1.46,0.78,0.23,3.16,1.36,4.02,-0.88,3.4,1.16
198310,-1.84,2.23,-2.39,-1.15,-1.84,-1.31,-2.54,-4.67,-5.72,-9.39
198311,4.84,1.1,3.3,2.98,2.31,4.31,3.95,-0.11,3.61,5.41
198312,0.02,-1.25,-1.2,-1.02,-2.17,-2.61,-0.11,-0.26,1.43,-2.6
198401,-1.84,-1.01,1.02,-0.71,-0.77,-0.8,-0.47,-1.29,-2.97,-6.66
198402,-5.84,-3.9,-4.77,-2.38,-3.44,-3.79,-4.01,-4.31,-4.15,-4.6
198403,-0.86,1.56,1.86,2.02,1.68,1.88,0.71,1.67,1.14,2.32
198404,-1.32,-0.1,-1.29,-1.1,1.14,0.79,0.45,-0.42,2.24,1.65
198405,-8.8,-5.04,-5.38,-4.2,-4.92,-5.79,-4.36,-4.69,-4.52,-5.57
198406,1.35,3.67,3.17,2.39,4.12,5.63,1.87,1.4,1.73,1.45
198407,-6.9,-5.02,-0.99,-3.07,-2.03,-0.26,-1.05,-2.62,-2.22,-2.14
198408,13.5,16.08,13.69,11.45,12.37,12.93,11.7,9.75,8.18,8.62
198409,-3.39,-0.75,-1.48,-2.89,0.29,0.13,-0.46,2.19,1.14,1.24
198410,-3.41,-3.09,-0.11,-0.14,0.33,-0.33,0.9,1.16,0.82,0.72
198411,-4.56,-1.14,-0.84,-0.2,-1.6,-0.64,-0.91,-1.29,-0.56,-1.32
198412,1.02,-0.12,2.24,3.68,2.33,1.63,2.8,2.59,2.83,2.58
198501,16.58,13.8,11.34,10.24,10.77,9.66,7.41,6.71,4.79,6.48
198502,0.25,1.37,0.41,1.19,1.99,2.12,1.26,1.27,3.01,2.93
198503,-0.95,-0.67,-0.49,-0.42,-0.73,2.65,-2.1,1.63,0.51,-0.53
198504,-3.39,-2.31,-1.5,0.87,-0.14,-0.61,-0.11,0.57,0.6,0
198505,-0.75,1.82,3.5,5.87,4.16,7.2,8.12,6.48,6.08,7.46
198506,-1.22,-0.11,1.85,0.95,-0.05,2.11,2.09,3.29,2.93,3.55
198507,3.05,5.27,2.35,1.59,2.17,0.24,-1.95,-2,-2.18,-1.34
198508,-3.21,-1.59,-0.94,-2,-0.75,0.26,0.25,1.09,0.31,-0.89
198509,-8.83,-5.35,-3.66,-3.05,-4.33,-2.96,-3.5,-2.88,-4.25,-4.74
198510,0.02,0.22,2.41,4.19,3.77,4.9,5.73,5.49,5.66,7.33
198511,6.66,7.77,8.73,8.34,6.86,6.89,5.77,5.69,7,7.4
198512,3.49,5.01,4.56,7.57,4.47,3.03,4.16,4.16,4.2,3.75
198601,-1.94,0.75,1.9,1.23,0.08,-1.23,0.43,2.42,2.53,4.45
198602,4.5,6.33,6.91,9.51,5.8,7.09,8.98,7.3,9.03,8.33
198603,2.52,1.17,5.35,4.71,3.78,5.67,5.77,6.7,8.17,5.76
198604,-0.78,-0.38,1.17,0.92,-0.11,-2.58,-1.54,-0.36,-2.66,0.16
198605,4.98,5.69,3.48,1.92,4.24,4.76,5.84,5.34,7.74,6.62
198606,-4.25,-1.66,-0.14,0.59,0.1,1.76,2.85,3.48,4.43,3.03
198607,-11.7,-8.77,-5.83,-4.52,-5.86,-4.3,-5.26,-4.86,-5.78,-7.64
198608,11.08,12.03,10.03,7.99,8.88,5.65,5.7,5.43,4.48,3.71
198609,-1.18,-3,-4.14,-5.19,-5.49,-9.01,-8.61,-11.02,-10.31,-11.44
198610,1.89,3.01,-0.92,4.87,6.13,5.26,6.15,6.8,5.53,7.24
198611,0.41,-0.3,2.19,2.58,1.38,2.88,0.97,1.57,1.52,0.44
198612,-5.2,-4.12,-2.43,-3.86,-1.49,-2.81,-1.58,-3.08,-3.33,-2.12
198701,14.12,10.29,10.89,11.05,10.64,13.23,12.54,13.02,12.15,18.03
198702,8.5,8.13,6.22,5.99,6.84,5.39,2.65,2.74,3.08,5.24
198703,0.02,4.13,-1.26,0.91,0.17,3.27,0.87,1.95,2.3,4.09
198704,-5,-1.73,1.5,-3.1,-2.47,-3.04,-3.83,-2.15,-0.34,0.44
198705,1.54,2.38,0.72,-1.01,0.4,-0.25,1.46,-0.35,1.13,0.84
198706,2.05,4.36,4.92,5.15,5.57,4.35,4.55,4.61,4.71,3.67
198707,3.09,1.78,2.93,2.73,4.97,2.99,5.47,7.06,4.03,5.54
198708,3.31,5.1,5.76,5.06,3.17,3.34,4.06,3.66,3.71,4.08
198709,-3.01,-1.57,-1.55,-1.27,-5.7,-2.08,-1.66,-2.82,-0.98,0.09
198710,-23.84,-15.69,-15.81,-18.53,-21.41,-23.92,-24.16,-20.5,-26.45,-26.7
198711,-5.94,-4.46,-5.37,-7.02,-8.23,-7.75,-8.19,-8.14,-8.56,-6.17
198712,1.97,4.04,4.42,6.63,6.91,6.27,6.74,8.23,8.31,8.02
198801,7.47,8.59,10.94,8.07,7.57,5.39,5.27,3.87,2.44,-2.07
198802,8.71,10.25,5.92,6.21,4.97,3.83,3.13,3.66,6.46,7.59
198803,0.16,0.17,-0.49,-1.38,-4.26,-3.15,-1.21,-3.03,-1.89,0.42
198804,-0.24,-0.1,-0.12,1.92,-0.33,-0.32,1.16,1.38,2.03,1.67
198805,-3.05,0.04,0.73,1.78,-0.67,-0.5,0.54,1.46,-0.35,-1.13
198806,9.67,8.17,8.79,3.98,5.16,4.36,4.95,3.41,4.71,3.53
198807,-2.44,-2.24,-1.09,-1.52,-0.12,-0.18,-0.59,-0.07,-0.58,-1.08
198808,-3.64,-3.36,-2.44,-3.97,-2.08,-2.34,-2.56,-2.1,-2.79,-2.94
198809,1.97,3.1,4.9,5.23,4.98,3.77,2.77,2.3,4.01,4.38
198810,0.64,0.98,0.87,1.99,3.11,0.75,2.69,0.82,3.54,1.68
198811,-3.93,-0.94,-1.28,-1.56,-1.9,-2.46,-0.73,-2.25,-1.18,-2.3
198812,2.49,3.4,1.9,2.24,1.79,2.14,1.48,1.44,2.96,2.02
198901,8.48,6.18,7.77,6.56,4.98,6.17,7.03,5.62,7.89,6.39
198902,-1.7,-1.25,-1.92,-2.03,-1.97,-2.84,-1.85,-1.15,-0.98,1.78
198903,-1.85,0.86,-0.1,1.98,3.29,0.17,2.7,4.43,3.35,4.53
198904,2.16,4.56,4.07,5.17,5.14,3.34,5.88,5.52,6.02,5.64
198905,3.38,5.12,1.33,3.89,3.83,5.6,3.35,4.16,5.22,4.72
198906,-3.45,-3.29,0.74,-0.22,0.18,-1.87,-0.74,-0.23,-0.39,-0.37
198907,-0.79,4.09,5.12,6.92,6.91,6.97,7.81,9.52,11.66,9.07
198908,0.99,3.54,3.26,2.91,3.84,2.68,0.55,1.5,1.17,2.04
198909,-3.15,-0.86,-2.36,-2.65,-0.33,-0.77,-0.58,-0.21,0.94,3.37
198910,-9.99,-7.5,-2.76,-3.51,-3.3,-2.57,-1.58,-2.04,-2.59,-4.14
198911,-2.66,-1.6,-0.23,-0.21,1.39,2.45,4.41,1.45,2.5,1.27
198912,-1.12,-1.36,-1.17,2.15,2.42,1.8,4.02,3.39,2.36,-0.43
199001,-8.75,-3.95,-4.89,-6.66,-6.39,-6.92,-6.13,-6.55,-8.35,-10.65
199002,2.79,4.34,2.35,2.57,1.32,1.6,0.67,1.38,1.54,1.53
199003,2.01,1.66,2.59,2.93,0.31,1.24,2.08,2.13,3.14,3.9
199004,-7.55,-4.65,-3.81,-3.81,-2.26,-2.67,-2.84,-2.46,-2.3,-1.59
199005,4.14,8.76,7.75,8.55,9.56,7.22,8.72,9.16,8.45,13.02
199006,-2.41,-3.83,-2.31,-1.89,-0.65,-1.45,-0.75,-1.72,1.32,1.6
199007,-9.24,-7.93,-6.77,-3.45,-1.63,-1.51,-0.95,0.24,1.34,-1.75
199008,-16.69,-12.49,-10.23,-11.05,-9.34,-9.59,-9.65,-7.74,-8.34,-10.24
199009,-14.79,-12.93,-10.75,-7.66,-8.62,-2.55,-2.27,-4.34,-3.99,-6.52
199010,-11.2,-9.56,-5.92,-3.72,-3.51,0.55,0.28,0.84,0.27,-0.9
199011,13.54,13.95,12.29,7.58,7.62,8.4,6.82,5.67,5.37,5.53
199012,-1.12,3.17,5.85,3.94,6.37,4.05,3.63,2.85,2.09,1.75
199101,7.97,13.91,13.15,9.65,5.32,6.23,3.95,1.37,2.07,6.24
199102,21.7,14.99,10.79,5.64,7.53,7.43,7.06,5.58,6.54,9.1
199103,6.11,4.87,0.37,1.67,2.24,1.52,2.42,3.15,1.89,6.46
199104,-0.36,2.01,4.15,0.28,-0.33,1.62,0.74,0.76,-0.72,-1.44
199105,1.97,7.29,6.58,3.03,4.48,3.8,2.96,4.15,4.02,4.06
199106,-4.16,-5.79,-5.66,-5.28,-4.71,-4.74,-4.53,-3.73,-3.32,-4.69
199107,1.81,3.32,2.83,3.16,3.79,3.04,2.61,5.78,7.71,7.74
199108,5.93,4.51,2.83,0.52,2.24,2.04,1.07,3.25,3.66,5.78
199109,-6.66,-2.57,-0.48,-1.85,-0.56,-0.66,-1.2,-2.26,-1.14,0.61
199110,0.65,-1.74,1.09,1.49,1.16,1.11,2.59,3.09,1.75,3.72
199111,-8.31,-5.64,-4.77,-3.08,-2.6,-2.52,-3.33,-0.68,-5.39,-5.41
199112,2.54,4.21,9.71,8.81,8.41,11.47,14.41,13.97,14.6,17.7
199201,5.76,1.35,2.48,-0.04,-1.21,-1.78,-3.25,-0.83,-2.4,2.57
199202,1.82,5.9,1.32,1.75,0.23,1.11,0.47,2.08,1.66,0.83
199203,-5.33,-1.73,-2.65,-1.14,-1.71,-1.63,-1.35,-2.7,-2.76,-4.04
199204,0.26,5.45,2.19,3.67,2.43,2.79,0.7,0.49,-1.02,-2.47
199205,3.52,1.81,-0.46,-0.29,0.09,0.39,-0.07,1.84,0.99,2.26
199206,-5.75,-3.43,-1.05,-1.17,-0.37,-1.09,-0.83,-2.93,-4.32,-4.03
199207,2.66,4.34,2.76,3.49,4.52,4.4,5.07,3.95,4.27,4.06
199208,-3.44,-2.12,-2.18,-0.41,-2.06,-0.51,-3.33,-2.65,-2.6,-4.54
199209,-0.07,0.08,2.27,0.66,2.14,1.16,1.55,0.2,2.26,4.25
199210,2.35,1.48,-1.55,1.43,0.2,0.87,-0.49,2.25,2.49,5.27
199211,7.63,4.31,4.39,4.03,3.97,1.88,4.33,4.5,3.83,8.37
199212,-1.6,-2.75,-0.33,1.7,2.65,1.92,2.62,1.13,2.37,5.72
199301,1.47,-3.55,-1.95,0.24,0.39,1.05,2.45,2.01,4.96,6.25
199302,-2.14,-2.05,-2.5,-3.02,0.84,3.34,1.37,1.16,2.24,-0.79
199303,-2.93,1.1,1.85,0.81,2.48,3.44,1.18,3.92,4.77,4.74
199304,-5.94,1.19,-5.72,-2.39,-2.09,-2.39,-2.44,-2.66,-3.88,-3.22
199305,5.64,3.45,3.01,2.92,1.25,1.73,1.37,4.72,3.2,8.05
199306,-2.91,-3.71,-1.02,-2.04,0,0.38,3.31,2.78,3.28,2.95
199307,-5.68,-1.08,-1.89,-0.03,0.3,-0.14,-0.27,2.99,1.35,0.77
199308,3.02,4.56,3.21,3.3,2.29,4.08,2.34,5.42,4.18,8.54
199309,-3.07,-1.3,-1.25,-1.13,-0.54,0.77,1.1,0.08,0.41,4.88
199310,9.48,3.78,2.85,1.4,-1.05,-0.23,0.71,1.28,0.66,0.85
199311,4.45,2.85,0.41,-1.55,-2.09,-3.54,-2.98,-2.45,-4.1,-4.83
199312,0.78,-1.39,1.69,1.92,3,2.11,2.2,2.43,2.32,3.12
199401,6.68,3.95,2.78,0.96,2.99,2.18,2.67,3.98,2.95,4.89
199402,-1.49,-1.46,-2.7,-3.23,-2.15,-2.31,-2.43,-2.54,-2.73,-1.16
199403,-4.89,-4.17,-4.13,-2.89,-4.3,-3.82,-5.23,-4.94,-4.83,-5.72
199404,-1.52,0.39,1.77,2.34,1.44,1.84,0.64,0.89,-0.99,0.31
199405,1.54,1.55,1.35,1.53,1.03,1.07,1.48,0.43,0.55,-2.18
199406,-4.23,-1.49,-2.1,-1.71,-3.4,-2.94,-1.55,-2.23,-3.49,-6.15
199407,3.48,3.37,2.48,3.09,2.22,5.29,3.9,1.75,2.11,2.49
199408,5.43,4.97,2.87,3.07,2.19,4.32,4.08,5.76,5.58,8.33
199409,-1.29,-2.32,-2.57,-2.75,-2.05,-1.49,-2.68,-2.03,-1.93,0.75
199410,-0.57,2.09,1.16,2.76,1.99,1.98,0.83,0.77,2.25,2.93
199411,-3.15,-3.01,-2.02,-3.68,-4.71,-3.72,-3.53,-2.47,-4.32,-5.13
199412,-2.02,-1.11,0.97,-0.21,1.77,2.61,1.66,0.61,2.44,1.72
199501,1.66,1.9,4.24,3.19,3.03,1.68,3.75,2.83,0.87,-1.79
199502,3.17,5.05,4.82,5.54,3.13,4.53,3.78,3.5,2.99,4.22
199503,0.43,3.45,3.17,3.07,2.31,1.99,2.18,2.61,1.98,4.06
199504,2.75,0.78,0.15,1.46,1.62,2.68,2.6,3.09,2.55,4.69
199505,2.87,3.51,4.18,3.61,3.13,4.47,3.54,4.02,2.83,2.63
199506,6.98,1.93,2.54,2.63,0.98,1.58,0.52,3.06,3.92,7.21
199507,5.85,4.2,2.82,3.22,4.21,3.11,3.98,2.03,4.51,6.56
199508,1.22,-0.41,2.28,2.22,0.64,1.64,1.4,0.05,0.79,0.67
199509,-1.62,1.9,2.06,4.3,2.6,3.82,4.12,4.72,5.63,3.3
199510,-9.03,-5.85,-3.32,-3.76,-1.13,-0.87,0.39,0.27,0.23,-0.3
199511,4.97,7.6,5.03,5.62,5.48,4.21,4.19,5.15,4.04,1.27
199512,-2.48,-0.61,1.06,1.94,2.23,2.85,1.66,2.2,2.77,-1.28
199601,0.19,1.74,1.57,0.77,1.16,1.72,4.11,3.09,3.99,2.64
199602,4.32,2.4,1.04,1.8,0.86,1.69,0.06,1.22,3.06,3.52
199603,4.39,3.44,2.97,2.25,1.3,0.82,1.32,1.03,-0.09,0.44
199604,10.18,3.6,5.63,3.08,1.69,0.28,0.68,1.68,0.45,6.08
199605,1,3.35,2.68,3.18,1.68,1.49,2.06,3.85,2.31,5.04
199606,-6.87,-3,-1.08,0.75,-1.81,-0.06,1.5,1.51,-1.65,-4.07
199607,-11.13,-7.37,-6.12,-3.89,-5.31,-4.17,-3.46,-4.39,-4.76,-10.64
199608,4.59,4.36,5.09,3.04,4.15,2.84,1.84,2.95,1.64,5.79
199609,5.15,2.72,3.35,5.16,3.64,3.89,5.44,5.4,6.56,8.01
199610,-7.84,-4.38,-0.26,2.55,1.36,4.34,2.65,3.65,2.89,-1.04
199611,11.88,8.39,4.99,6.89,6.76,6.06,8.87,7.54,6.06,1.62
199612,0.72,-1.03,-0.24,0.33,-0.57,-0.68,-2.7,-2.04,-2.74,0.83
199701,3.09,1.95,4.37,3.18,3.11,4.01,5.44,7.68,6.12,8.91
199702,-2.94,0.23,0.63,1.52,1.27,1.06,2.73,0.73,-2.18,-6.81
199703,-7.63,-4.17,-3.62,-5.21,-2.85,-2.61,-5.03,-3.45,-6.36,-4.43
199704,-2.75,1.52,-0.17,1.48,2.7,2.81,5.9,6.87,6.86,8.91
199705,17.41,12.34,10.74,6.43,6.43,6.51,5.76,7.25,5.28,5.95
199706,1.44,1.88,6.02,3.71,3.11,3.44,4.04,4.31,5.89,4.51
199707,4.08,4.65,5.31,7.7,4.55,8.33,5.75,6.67,7.47,15.08
199708,1.49,1.49,-2.12,-2.32,-2.58,-3.07,-4.22,-6.52,-6.7,-2.62
199709,4.07,6.88,5.21,4.68,4.97,6.7,5.11,4.92,6.07,7.01
199710,-5.91,-4.88,0.39,-3.59,-1.52,-3.79,-2.53,-3.21,-1.68,-7.83
199711,-1.41,2.37,4.99,5.74,2.78,4.76,4.7,3.31,1.55,1.37
199712,-2.52,-0.22,1.96,2.52,1.41,1.23,3.34,5.08,0.87,1.44
199801,0.03,-0.49,-0.52,-1.29,0.79,-0.77,2.1,-0.48,1.31,2.51
199802,8.39,8.75,7.83,8.03,7.46,8.93,5.19,6.39,6.26,9.89
199803,4.5,2.73,4.38,3.72,5.2,5.46,4.93,6.14,5.89,5.95
199804,4.6,-0.73,0.42,0.28,1.83,-0.97,-0.28,2.22,0.51,5.37
199805,-8.62,-4.52,-2.9,-2.46,-2.19,-1.77,-2.21,-2.61,0.02,-3.49
199806,-3.67,-1.34,0.04,1.75,0.57,2.2,7.21,3.21,5.14,9.48
199807,-7.25,-5.46,-1.77,-1.89,-4.17,-4.02,-0.68,-1.6,-1.04,0.95
199808,-21.69,-18.93,-12.76,-14.73,-18.04,-15.94,-14.12,-13.88,-13.74,-17.02
199809,12.79,8.86,8.09,9.55,7,5.43,3.93,6.87,3.77,8.67
199810,13.28,11.29,9.83,8.45,5.48,8.48,8.88,9.41,7.8,4.06
199811,3.64,2.97,9,7.82,5.9,6.76,4.12,6.73,5.12,7.43
199812,-0.92,0.99,-2.19,-1.35,1.83,1.94,4.3,4.22,5.9,12.99
199901,2.33,1.61,-0.88,-1.71,2.12,-0.42,1.35,1.3,0.62,8.93
199902,-7.29,-5.44,-3.79,-2.15,-4.43,-0.68,-2.6,-2.27,-4.98,-4.7
199903,10.31,3.21,2.62,2.62,2.99,-0.44,2.33,2.5,2.6,5.78
199904,17.57,13.15,14.37,11.7,11.98,9.77,5.84,10.66,4.1,-0.87
199905,7.15,4.83,3.78,1.14,-0.22,0.07,-0.44,-1.05,-3.26,-3.16
199906,1.58,4.85,2.68,1.34,0.87,-0.08,3.67,1.26,5.51,8.49
199907,-4.21,-5.08,-1.77,-3.61,-3.36,-2.94,-4.87,-4.22,-2.22,-1.82
199908,-5.37,-4.64,-1.59,-3.89,-2.16,-1.06,-2.09,0.25,-1.95,0.84
199909,-6.25,-4.85,-10.03,-6.93,-6.59,-3.82,-1.8,-0.38,-1.81,0.4
199910,-3.98,1.08,1.23,4.93,9.41,5.36,4.46,7.83,7.31,6.59
199911,2.67,4.76,-1.21,-1.49,-2.65,-0.67,0.71,0.03,1.12,10.51
199912,-0.47,2.3,-2.61,-3.82,-1.12,-2.73,-4.87,3.06,4.92,21.82
200001,-4.45,-2.77,-5.99,-3.86,-2.6,-0.78,-1.79,-3.15,-8.87,-2.67
200002,-2.59,-6.84,-8.83,-6.27,-10.68,-3.35,-6.22,-3.29,-3.01,22.75
200003,8.06,13.87,14.19,9,8.65,12.61,11.41,7.6,13.22,-0.44
200004,-2.31,0.61,4.31,2.36,-0.73,-2.79,-11.97,-0.93,-4.22,-9.02
200005,1.11,5.05,5.99,4.41,-1.18,1.87,2.74,-3.2,-3.37,-11.62
200006,-5.15,-6.19,-5.09,-2.74,6.77,-3.5,-3.52,3.6,3.33,12.96
200007,-4.3,0.91,-6.04,-0.01,-3.41,-0.86,-0.21,1.32,-0.58,-3.27
200008,7.03,8.23,3.32,4.29,3.19,4.75,2.41,5.03,5.47,14
200009,-12.43,-1.75,-7.74,3.58,-2.63,2.65,2.39,0.64,-1.64,-11.75
200010,-8.29,4.92,2.72,7.78,1.1,0.79,0.14,-1.01,-2.24,-7.63
200011,-23.77,-8.69,-3.56,-4.73,0.21,-8.44,-3.84,-6.59,-9.69,-24.45
200012,-10.8,0.32,0.37,6.43,1.61,6.68,-4.15,2.9,3.12,5.85
200101,35.96,25.76,6.88,13.31,3.36,-1.41,-0.66,-3.31,-6.88,-5.81
200102,-19.47,-18.07,-15.17,-7.9,-5.1,-11.99,-3.56,-1.65,-4.59,-4.23
200103,-17.61,-10.74,-7.17,-7.34,-3.74,-6.24,-5.07,-3.32,-2.22,-2.89
200104,14.83,18.81,8.38,9.52,6.72,2.81,3.84,3.29,4.37,5.66
200105,-5.9,0.57,1.07,1.47,2.23,1.55,4.37,2.94,1.9,3.06
200106,0.07,-1.53,-3.15,-3.4,-0.39,-0.81,-2.64,-1.92,-2.17,1.11
200107,-6.5,-5.09,-0.54,-2.19,-1.14,-0.71,2.07,1.55,0.59,-2.87
200108,-14.44,-7.41,-6.57,-6.43,-4.06,-2.44,-1.62,-1.93,-3.9,-3.29
200109,-22.65,-14.68,-11.1,-5.66,-4.18,-3,-4.13,-6.6,-4.87,-7.55
200110,15.62,4.7,1.53,1.8,0.11,1.23,-0.14,-0.68,0.58,2.19
200111,20.18,11.91,7.86,7.19,3.97,4.96,5.58,3.85,5.37,4.68
200112,-0.72,-0.08,0.28,2.09,2.2,4.48,2.28,2.76,3.53,4.88
200201,-1.14,-2.52,-3.31,-1.53,-1.07,0.87,1.02,-1.17,-2.01,-0.22
200202,-17.41,-3.74,-1.54,0.22,0,-1.55,2.15,0.42,0.28,-1.97
200203,7.54,3.79,5.25,2.76,4.53,4.84,4.01,3.66,6.06,5.86
200204,-14.19,-7.97,-8.14,-6.98,-5.17,-0.98,-1.58,1.26,-0.63,-0.41
200205,-6.88,-1.43,-1.11,-0.69,0.26,-1.64,1.01,-2.3,0.87,-2.51
200206,-13.95,-8.46,-4.35,-7.35,-8.64,-6.93,-3.21,-6.38,-2.88,-2.89
200207,-6.75,-9.7,-10.13,-6.47,-7.19,-7.85,-5.61,-6.72,-6.75,-11.87
200208,3.64,-2.49,0.91,1.55,1.54,0.8,2.52,0.53,1.83,1.38
200209,-16.51,-16.48,-12.1,-12.63,-8.07,-8.68,-7.21,-7.4,-4.58,-3.11
200210,21,9.32,11.44,9.14,3.82,3.93,5.47,3.9,4.98,5.03
200211,22.95,11.68,8.35,5.04,2.8,1.69,3.08,0.16,-2.9,2.31
200212,-15.17,-12.13,-8.23,-7.8,-1.52,-3.18,-3.44,-1.07,-0.04,-1.75
200301,-3.76,-1.47,-3.37,-2.26,-3.58,-3.15,-2.86,-2.23,-0.81,-1.31
200302,1.29,-2.55,-2.1,-3.08,-1.8,-0.64,-2.82,-2.49,-1.33,0.38
200303,0.45,0.77,-1.3,1.35,1.46,2.78,0.77,1.1,0.88,3.6
200304,19.22,16.56,12.57,13.25,7.45,5.36,7.24,5.34,5.37,4.64
200305,21.99,12.77,13.63,9.51,6.2,4.6,4.61,1.71,5.19,7.1
200306,2.94,4.78,1.4,2.07,1.54,0.64,0.01,2.15,1.12,1.8
200307,4.59,4.86,4.45,3.37,1.29,0.84,0.92,3.86,1.87,3.52
200308,3.69,4.32,2.34,1.68,0.82,4.83,1.6,1.5,2.14,3.95
200309,-0.52,-1.07,-0.79,-0.45,0.28,-2.41,-3.15,-1.37,-1.21,-1.4
200310,3.95,5.03,5.37,5.21,1.08,7.1,6.5,8.96,8.46,11.62
200311,0.58,1.93,0.26,1.95,1.76,0.27,1.06,0.79,4.09,3.16
200312,8.77,7.46,6.1,4.89,4.54,3.38,3.5,1.77,1.77,-1.25
200401,2.36,0.99,1.04,3.81,0.96,2.32,2.23,2.13,3.34,3.7
200402,2.01,1.48,1.19,2.55,2.64,1.78,0.92,2.15,-0.49,-0.15
200403,-1.84,-2.93,-0.92,0.04,-2.03,-0.05,-1.05,-0.72,0.77,-1.47
200404,2.51,-0.13,0.06,-1.41,-1.19,-3.38,-3.38,-6.09,-3.23,-7.74
200405,-0.18,0.88,1.85,2.03,-0.4,2.03,3.4,0.57,1.78,2.74
200406,1.1,0.75,2.55,1.15,-0.25,2.2,4.1,4.6,5.01,1.78
200407,-4.33,-2.84,-2.1,-4.72,-1.94,-3.22,-5.47,-6.01,-6.54,-8.68
200408,-0.09,1.51,0.16,0.64,-0.41,1.03,-0.63,-0.41,-0.5,-2.2
200409,2.2,-0.99,-0.77,0.92,0.28,0.85,3.79,4.64,7.39,7.28
200410,5.56,2.57,1.19,1.13,2.12,-1.12,0.77,0.66,2.35,2.24
200411,4.4,1.32,3.74,5.67,3.9,4.41,5.83,5.79,7.18,9.86
200412,7.32,2.97,4.69,4.83,3.38,3.58,3.09,1.99,0.93,2.07
200501,-6.77,-2.06,-3.15,-1.9,-1.75,-1,-3.6,0.09,-2.16,-4.09
200502,4.07,0.36,-0.76,0.09,0.46,0.77,8.08,4.83,2.16,5.45
200503,-2.91,-2.98,-1.73,-2.13,-0.77,-0.37,-1.45,-2.44,-1.08,-1.53
200504,-3.29,-0.7,-2.75,-2.68,-0.95,-1.21,-1.98,-1.64,-5.03,-6.45
200505,5.89,5.39,1.79,2.91,4.24,4.03,1.94,4.87,2.92,6.42
200506,0.24,-0.01,0.2,0.25,-0.66,-0.47,0.5,1.61,3.02,5.53
200507,7.08,4.17,3.5,4.5,2.58,4.12,3.29,3.68,5.87,5.68
200508,-3.03,-3.2,0.41,-1.52,-2.37,-0.37,-0.38,0.49,1.2,1.24
200509,-2.07,-0.5,-0.12,-0.89,0.95,2.52,0.8,2.38,3.26,3.87
200510,-2.39,0.82,-0.62,-0.06,-0.27,-3.5,-4.97,-1.66,-4.37,-2.74
200511,3.54,3.77,3.55,4.71,4.71,2.81,3.67,5.45,3.53,3.09
200512,-0.31,1.26,-1.35,-0.67,-0.08,-0.43,0.83,-0.17,1.12,1.84
200601,6.69,4.74,2.18,-1.07,1.67,2.54,3.41,2.77,5.94,9.84
200602,-1.06,0.82,1.13,0.68,1.77,-0.08,1.62,0.09,-0.39,-5.33
200603,1.87,1.88,2.67,0.58,0.72,0.79,1.43,2.11,2.38,4.57
200604,0.9,0,1.39,1.41,0.61,2.03,0.79,1.07,0.25,1.9
200605,-1.68,-1.51,-0.82,-2.44,-2.81,-3.49,-4.11,-4.09,-5.73,-7.98
200606,-0.3,-1.01,-0.86,0.52,0.05,0.98,0.31,0.57,1.13,-0.49
200607,-4.9,1.95,0.15,-1.79,1.75,2.4,-0.1,-0.27,-3.21,-6.3
200608,6.7,2.58,4.35,3.75,4.59,1.23,1.83,1.41,1.22,-1.96
200609,2.25,2.15,3.41,2.37,3.24,1.13,1.76,1.53,2.29,2.11
200610,5.72,4.68,3.58,4.32,3.41,3.29,1.4,4.68,2.46,6.41
200611,5.37,2.54,2.71,1.72,1.85,0.15,2.36,1.85,2.86,2.18
200612,-0.81,-0.26,0.85,1.77,2.59,2.38,0.83,0.95,1.12,0.84
200701,2.72,2.58,0.97,0.4,2.09,1.89,1.73,2.57,1.55,2.92
200702,-0.19,1.2,-1.73,-0.25,-2.27,-1.02,-1.71,-2.79,-1.63,-2.79
200703,-1.23,-0.78,0.58,0.37,0.31,-0.09,1.32,2.39,3.79,2.14
200704,3.88,4.39,4.5,3.51,4.93,4.39,3.17,4.27,4.1,2.21
200705,3.24,3.96,3.55,3.78,2.68,4.55,3.04,4.1,2.71,5.38
200706,-2.98,-2.61,-0.26,-1.62,-1.9,-1.13,-1.92,-1.24,-2.13,-1.18
200707,-4.48,-5.01,-6.56,-3.58,-2.3,-3.94,-4.53,-1.26,-2.83,-1.49
200708,-1.1,2.78,1.98,1,1.14,0.48,1.62,2.17,2.07,1.87
200709,1.65,1.12,1.19,1.72,2.56,3.46,3.89,5.98,4.35,7.76
200710,-1.06,-1.24,-1.4,0.05,4.12,0.89,3.78,3.5,1.51,7.62
200711,-13.39,-8.67,-3.92,-4.31,-5.91,-2.11,-2.49,-3.56,-5.29,-5.97
200712,-6.94,-6.84,-5.97,-3.87,-2.01,-1.19,0.27,2.18,0.69,4.31
200801,3.83,-1.88,-2.66,0.1,-1.9,-4.57,-6.36,-7.13,-8.72,-13.18
200802,-12.48,-7.91,-8.32,-7.61,-1.66,-2.49,-2.69,-3.25,-0.38,2.05
200803,-10.07,-5.81,-4.14,-0.32,-1.67,-1.83,1.45,1.25,-0.35,-0.67
200804,8.09,7.96,5.5,4.71,4.97,1.09,0.83,4.66,5.69,9.68
200805,-2.59,-0.61,-0.88,0.99,-0.55,3.24,2.45,2.19,1.63,6.92
200806,-19.29,-19.25,-17.32,-12.38,-9.27,-10.2,-9.28,-6.96,-4.8,-0.49
200807,0.39,0.87,7.74,3.94,2.51,3.42,-1.25,0.66,-3.09,-9.34
200808,-2.24,3.17,6.49,2.47,3.27,2.4,3.11,0.81,0.83,-2.88
200809,-26.05,-12.9,-6.67,-10.22,-7.13,-6.01,-2.63,-7.15,-12.03,-15.23
200810,-25.91,-25.15,-23.14,-18.61,-14.16,-16.77,-15.04,-14.35,-16.09,-15.2
200811,-19.3,-18.14,-12.53,-5.45,-9.02,-7.38,-0.81,-5.46,-8.64,-7.53
200812,4.23,9.07,4.45,3.61,2.58,1.39,2.32,-0.74,0.65,0.8
200901,-7.23,-9.45,-6.32,-8.23,-12.64,-8.2,-5.02,-8.1,-5.86,-12.02
200902,-25.9,-16.22,-9.47,-16.66,-8.81,-8.56,-9.86,-9.39,-11.4,-5.57
200903,44.65,14.51,15.07,11.67,12.98,10.92,9.52,8.88,4.25,5.47
200904,45.06,36.06,32.87,21.5,21.37,15.51,9.75,4.62,2.96,-0.12
200905,23.21,16.43,11.24,9.96,8.99,6.99,1.95,4.45,1.39,1.77
200906,-6.11,-1.74,-6.73,-1.18,-0.23,1.17,1.68,0.98,1.79,3.06
200907,12.45,13.03,10.7,10.94,9.95,8.22,6,6.18,6.89,5.63
200908,25.13,9.44,4.71,5.2,3.86,2.86,2.74,1.99,2.18,0.2
200909,8.88,9.16,5.88,4.9,3.82,5.74,2.59,2.86,3.39,4.68
200910,-13.33,-6.69,-3.98,-1.4,-2.6,-0.9,-1.19,-1.93,-0.77,-3.83
200911,4.92,7,5.23,6.43,4.87,5.67,4.95,4.82,5.61,6.49
200912,1.29,-1.45,2.13,3.22,3.37,4.57,4.15,4.65,5.52,5.36
201001,2.11,-1.4,-0.05,-2.48,-1.63,-4.36,-4.91,-5.99,-7.94,-6.64
201002,1.43,1.59,1.88,1.58,3.07,4.91,5.54,4.08,6.04,8.45
201003,4.95,4.93,4.49,4.98,5.46,5.13,8.72,11.25,10.17,8.64
201004,0.69,0.71,2.71,-0.01,1.2,1.68,2.75,6.23,3.57,6.84
201005,-8.62,-7.55,-7.86,-6.27,-7.94,-8.85,-8.08,-8.3,-7.43,-9.91
201006,-6.47,-3.61,-3.99,-2.99,-5.31,-7.88,-7.29,-6.64,-6.7,-10.86
201007,6.94,7.3,7.22,5.7,5.57,6.4,8.98,7.84,7.66,10.21
201008,-4.28,-4.38,-4.49,-6.16,-4.14,-4.86,-3.34,-4.22,-5.97,-5.55
201009,10.98,8.59,9.67,8.6,9.73,7.4,9.79,9.79,12.47,13.66
201010,3.95,2.66,1.71,5.71,3.71,4.23,2.9,2.92,5.02,5.4
201011,-1.12,-0.31,0.34,-1.18,0.32,0.42,0.01,2.36,1.54,6.17
201012,13.89,8.2,6.93,6.57,7.32,4.83,5.57,6.56,5.97,4.35
201101,4.1,2.9,0.68,3.31,2.64,0.07,1.84,-0.7,2.51,0.63
201102,1.15,0.79,3.12,4.2,3.25,5.87,5.76,3.89,3.38,3.98
201103,-1.72,-0.99,-0.29,-0.33,1.56,0.67,0.36,1.53,1.18,2.93
201104,-0.13,4.39,2.38,1.79,3.58,3.55,3.93,2.74,1.56,3.24
201105,-3.59,-1.02,0.19,-1.78,-0.79,-0.89,-1.11,-1.54,-1.5,-2.9
201106,-5.28,-1.56,-2.51,-1.78,-1.14,-2.09,-1.18,-2.04,-0.83,-0.01
201107,-4.15,-1.36,-1.09,-3.88,-4.11,-0.07,-3.36,-3.55,-1.52,-1.56
201108,-13.9,-7.78,-3.82,-4.57,-4.82,-3.69,-5.88,-5.96,-7.8,-8.63
201109,-11.83,-7.73,-6.53,-5.11,-6.87,-6.91,-6.36,-9.27,-7.56,-15.66
201110,15.84,16.76,13.21,12.31,11.24,8.56,11.31,9.16,10.18,14.44
201111,-7.7,-4.15,-0.61,-1.87,0.99,0.62,-0.47,1.91,1.32,-1.36
201112,-3.12,-1.74,-2.02,1.69,-0.47,2.81,1.48,-0.07,1.73,-1.18
201201,18.45,10.21,10.8,8.07,8.03,3.89,3.15,2.19,3.49,2.63
201202,6.38,5.19,4.53,3.82,3.69,5,3.69,2.72,5.64,5.8
201203,4.14,2.28,2.21,1.91,3.54,1.55,2.47,3.23,4.05,5.08
201204,-6.32,-6.16,-1.67,-2.16,-1.56,-0.83,-0.15,0.05,0.21,0.37
201205,-13.07,-12.65,-11.07,-8.19,-6.53,-6.57,-5.66,-2.03,-5.05,-4.74
201206,3.55,2.93,4.75,3.98,3.46,4.47,6.11,3.59,4.13,1.93
201207,-1.99,-2.61,-0.15,0.28,-0.37,1.03,1.67,-0.65,1.79,2.51
201208,2.21,5.72,4.38,3.94,5.03,3.17,2.08,1.49,-0.5,3.9
201209,3.54,4.34,4.39,3.63,1.25,1.14,3.29,2.36,2.91,2.21
201210,-4.05,-0.35,-0.22,-1.22,-0.71,-1.7,-3.04,-1,-0.69,-5.95
201211,-1.65,0.4,0.16,1.21,0.58,-0.12,1.25,0.89,0.86,1.67
201212,6.23,3.77,3.43,1.89,2.54,-0.48,0.63,0.59,-0.23,1.9
201301,9.25,7.49,6.37,5.8,5.94,6.96,5.19,6.12,0.73,5.91
201302,-0.76,-0.59,0.41,0.97,1.41,1.95,1.64,1.38,1.78,1.9
201303,5.89,2.38,4.54,3.43,4.02,4.6,2.93,5.15,5.38,5.42
201304,0.82,3.16,-0.04,1.19,1.92,2.28,1.33,2.46,1,0.25
201305,4.16,3.56,4.35,1.75,3.15,2.61,2.15,1.92,2.77,4.72
201306,-6.42,-2.04,0.1,-0.25,-1.17,-1.18,0.45,0.1,-3.01,-4.25
201307,11.98,3.05,3.78,4.15,6.16,5.58,5.5,4.84,8.04,9.96
201308,2.89,-3.22,-3.66,-2.79,-1.39,-3.68,-3.56,-2.97,-2.96,-2.81
201309,1.07,1.97,3.03,3.32,3.81,4.55,4.66,4.97,4.77,7.54
201310,3.66,3.44,3.14,7.01,5.05,4.11,4.11,4.11,3.61,2.28
201311,2.99,2.41,2.53,3.28,3.87,3.48,2.12,3.45,3.97,3.15
201312,2.88,3.65,1.75,1.58,2.65,1.58,3.47,2.17,3.73,3.12
201401,-3.95,-4.58,-5.25,-2.7,-3.94,-2.81,-3.85,-3.39,-1.63,0.61
201402,5.18,3.22,3.6,4.26,4.36,3.91,4.33,5.6,7.78,6.13
201403,1.58,2.31,2,1.39,2.85,1.16,0.93,0.29,-2.38,-5.98
201404,1.33,2.87,2.12,2.07,2.21,-1.79,-1.1,-2.62,-1.81,-3.46
201405,0.37,-0.03,1.49,1.32,1.52,3.05,3.12,2.41,2.89,3.83
201406,6,1.6,3.31,1.12,2.51,2.26,2.33,2.27,3.05,5.47
201407,-2.91,-0.5,-1.37,-2.52,-1.51,-3.26,-2.67,-2.25,-2.56,-0.51
201408,5.15,4.2,4.06,4.34,4.37,3.7,4.05,3.85,4.27,5.4
201409,-7.31,-2.84,-1.9,-1.32,-2.05,-1.65,-1.81,-1.45,-1.98,-2.39
201410,2.23,3.47,2.11,0.64,3.03,3.36,3.42,3.43,1.19,2.22
201411,0.2,-0.3,2.92,2.03,3.04,0.29,3.12,2.23,3.3,3.98
201412,-1.38,-1.16,-0.72,0,-0.03,0.86,1.24,0.11,0.6,-2.26
201501,-7.77,-5.19,-3.48,-4.34,-5.19,-4.38,-4.5,-2.34,-2.94,0.64
201502,11.41,8.27,7.13,7.47,7.46,6.07,4.55,5.44,4.8,6.14
201503,-4.87,-1.83,-2.06,-1.25,-1.57,-1.32,-1.64,-0.03,-0.54,-0.81
201504,10.48,5.33,3.78,2.76,2.52,1.3,0.91,-0.75,-1.21,-2.45
201505,-7.97,-3.7,-1.39,0.22,0.31,1.99,2.24,2.58,2.56,4.56
201506,-5.48,-2.97,-3.18,-2.41,-1.6,-2.22,-0.68,-1.53,0.18,-0.56
201507,-18.21,-8.31,-4.94,3.41,1.68,1.26,3.04,3.6,4.92,1.97
201508,-2.88,-6.16,-3.7,-5.73,-6.68,-6.19,-6.04,-6.7,-6.35,-6.28
201509,-15.95,-7.62,-4.32,-4.27,-2.36,-0.93,-2.67,-2.78,-1.87,-3.19
201510,11.57,10.41,7.68,7.16,8.85,8.3,7.77,6.24,6.29,6.87
201511,-4.11,0.21,-1.72,-0.28,0.64,1.1,0.71,1.07,0.78,1.27
201512,-4.24,-6.58,-5.61,-2.12,-2.53,-3.6,-1.06,-0.68,-0.71,-1.19
201601,-13.56,-4.96,-7.89,-4.63,-4.42,-6.9,-5.86,-7.04,-4.05,-6.22
201602,3.46,2.6,1.37,3.95,1.73,1.27,-0.13,-1.5,-0.91,-3.28
201603,11.21,12.61,8.62,8.95,8.61,6.42,6.03,6.11,6.09,5.82
201604,17.94,6.39,3.7,5.1,-1.01,2.35,1.71,0.52,-0.18,-1.59
201605,-1.68,0.67,1.62,0.7,2.94,0.96,1.04,1.32,1.87,3.48
201606,-0.25,-2.92,-3.63,-3.68,-1.74,-1.61,-0.06,2.51,3.41,0.87
201607,7.96,9.64,6.17,6.06,4.37,4.43,2.65,2.38,3.11,4.22
201608,4.99,2.98,2.57,1.44,1.33,1.53,-0.01,-0.32,-1.7,-1.03
201609,4.82,1.8,-2.61,1.08,0.4,-0.8,0.54,0.34,-0.74,3.09
201610,-9.09,-2.98,-0.57,0.87,-0.95,-1.35,-3.15,-2.26,-2.17,-5.24
201611,8.65,9.26,10.57,3.95,6.82,3.11,3.48,1.02,2.49,7.47
201612,0,1.04,1.8,2.69,2.06,2.27,2.51,2.14,0.65,-0.44
201701,3.62,2.86,1.69,2.39,2.03,1.34,1.49,1.58,0.77,3.67
201702,2.57,4.46,4.33,2.88,4.43,4.08,2.93,4.13,0.72,0.01
201703,-1.84,-0.04,0.45,0.77,0.91,1.15,-0.96,0.32,-1.69,0.43
201704,1.42,-0.3,0.94,3.5,1.71,0.12,0.81,1.59,0.84,0.24
201705,-4.42,-1.62,1.9,-0.29,1.51,2.64,-0.48,2.73,-0.01,3.5
201706,4.78,0.35,1.12,0.72,1.6,0.86,0.01,1.9,-1.06,0.89
201707,0.93,1.34,1.57,0.85,0.94,0.8,1,2.86,4.23,2.99
201708,-3.08,-2.89,-1.67,0.47,-1.14,1.31,0.74,1.07,2.26,0.14
201709,7.03,3.74,3.99,3.34,2.71,2.64,1.98,1.26,0.9,4.22
201710,-2.95,-4.68,1.26,-2.45,0.68,4.98,3.03,2.03,4.44,5.63
201711,11.04,2.76,4.19,3.48,3.83,2.38,2.15,3.76,2.61,2.99
201712,1.1,4.6,2.65,2.09,2.05,1.27,0.32,1.03,0.25,-0.6
201801,-1.13,3.2,3.12,3.56,3.11,5.31,4.27,8.01,5.34,11.84
201802,-7.32,-6.22,-6.64,-6.25,-5.85,-4.18,-2.25,-2.75,0.28,-3.04
201803,-0.6,-1.29,0.05,-1.3,-1.29,-1.55,-3.35,-2.84,-2.48,-3.16
201804,2.92,-0.1,-1.73,0.63,1.2,0.87,-0.94,0.07,1.04,1.39
201805,0.92,-0.6,0.57,1.19,2.23,2.69,3.25,1.07,4.35,7.31
201806,4.09,4.03,1.2,0.95,-0.5,0.39,0.47,0.02,-0.91,0.49
201807,2.22,3.18,6.23,3.48,3.81,5.59,4.09,0.7,3.51,0.94
201808,0.06,1.37,1,0.2,2.89,2.1,1.18,7.55,6.13,9.99
201809,-1.07,0.65,0.49,1.19,-0.7,-0.29,0.08,-0.16,1.79,-0.64
201810,-8.89,-6.72,-5.34,-6.73,-4.81,-5.97,-5.76,-7.57,-7.12,-15.62
201811,-0.9,0.92,1.78,3.21,4.5,3.85,3.14,-2.5,1.37,1.63
201812,-11.96,-13.04,-8.18,-11.18,-9.95,-9.97,-8.75,-8.4,-8.91,-8.33
201901,19.42,18.01,14.65,11.11,8.65,7.7,6.49,6.4,6.25,10.81
201902,7.72,1.88,2.74,3.28,3.8,2.36,3.73,2.18,5.15,4.91
201903,2.94,-1.09,-0.69,-1.47,1.93,1.29,0.84,3.35,1.82,0.64
201904,3.83,5.5,6.57,4.03,7.43,6.03,4.03,1.86,3.77,0.81
201905,-17.01,-13.44,-12.24,-9.72,-8.16,-6.35,-6.16,-7.24,-3.59,-4.24
201906,10.95,10.83,9.19,7.5,7.72,7.59,7.35,6.23,6.77,6.48
201907,-4.34,1.04,-0.68,1.93,0.84,3.5,2.36,-0.68,0.62,1.98
201908,-13.38,-9.54,-8.01,-6.57,-3.48,-5.83,-1.68,-0.68,0.89,-0.24
201909,5.18,5.55,5.76,5.12,0.97,2.71,4.72,1.38,0.28,-3
201910,-4.24,4.85,2.68,4.39,3.49,4.8,1.94,1.57,1.01,-0.44
201911,3.14,6.62,6.8,5.78,5.19,3.78,4.44,1.69,2.92,3.58
201912,11.8,5.37,3.2,3.63,1.71,2.78,2.48,2.61,2.27,4.56
202001,-8.72,-8.47,-3.15,-2.94,0.84,0.88,-1.17,-0.48,3.13,3.26
202002,-12.11,-7.33,-5.47,-10.37,-8.15,-8.65,-8.02,-9.05,-8.2,-6.61
202003,-30.92,-30.77,-20.2,-17.83,-14.61,-14.97,-10.77,-12,-13.48,-9.59
202004,46.12,22.82,14.39,16.37,10.47,12.39,15.21,11.49,12.38,14.43
202005,-1.23,7.7,4.38,7.45,2.97,6.55,4.91,5.61,4.33,6.66
202006,18.75,6.51,0.93,1.35,-0.04,-0.84,-2.47,-0.17,0.55,7.98
202007,-3.12,-3.92,-1.57,0.95,1.61,4.73,5.01,6.26,6.77,7.99
202008,3.85,6.63,5.45,3.74,6.31,4.35,4.86,6.48,6.84,11.45
202009,-7.78,-6.69,-5.6,-4.29,-2.44,-0.88,-2.12,-0.71,-3.72,-6.21
202010,-3.43,0.03,3.05,1.06,-0.33,-3.09,-2.95,-2.72,0.04,-3.73
202011,37.48,27.88,20.71,18.07,15.48,13.76,11.35,10.66,9.85,10.38
202012,8.07,6.94,6.89,7.45,4.76,3.25,4.49,3.93,1.82,6.44
202101,6.58,-0.4,1.03,-0.78,-1.98,-1.39,-5.03,-0.42,0.76,2.09
202102,19.79,7.96,7.21,7.4,2.61,4.74,5.06,1.71,1.13,-2.78
202103,7.22,6.44,6.85,5.52,6.65,6.11,5.18,1.83,0.87,-6.52
202104,2.18,2.35,5.65,7.15,6.93,5.17,4.13,3.75,5.29,4.5
202105,0.1,1.32,-1.25,1.42,1.82,-0.28,2.62,1.38,1.81,-4.84
202106,2.55,0.56,1.53,5.03,-0.19,4.14,1.72,-1.23,2.09,9.25
202107,-0.47,1.71,3.42,3.26,1.41,2.09,-1.07,-1.25,-1.98,-0.56
202108,-0.3,2.05,2.57,4.08,2.33,1.78,4.36,5.95,3.74,3.08
202109,-3.48,-5.32,-5.97,-4.63,-3.75,-4.33,-4.18,-3.43,-2.57,-3.08
202110,2.18,3.85,6.45,6.14,6.89,5.88,13.85,9.11,6.29,4.18
202111,-8.37,-1.11,-3.31,3.49,-2.15,-3.45,0.49,-5.22,-2.38,-2.43
202112,3.1,6.89,3.31,6.7,5.2,4.5,4.44,3.18,-0.79,-6.65
202201,-7.41,-1.4,-2.41,-5.46,-5.52,-5,-7.1,-6.05,-7.55,-10.82
202202,-3.15,-3.24,-0.7,-3.53,-1.32,-5.13,-2.63,-1.93,-1.14,0.65
202203,-0.07,-0.72,0.53,1.46,2.37,2.04,4.41,3.39,4.95,5.17
202204,-20.93,-13.48,-7.14,-7.38,-9.45,-5.08,-7.35,-5.86,-10.39,-12.98
202205,-7.85,-2.61,3.66,2.82,-0.32,0.24,-1.59,-0.68,-1.19,1.66
202206,-11.42,-11.25,-11.18,-10.46,-8.17,-7.79,-6.67,-7.72,-5.65,-10.41
202207,14.99,9.86,16.75,9.06,7.93,10.16,8.41,11.62,3.87,8.57
202208,-3.09,-1.01,-5.87,-5.25,-5.49,-4.8,-3.61,-2.72,-1.78,0.03
202209,-11.63,-12.41,-11.8,-11.56,-8.77,-8.99,-8.19,-9.2,-4.97,-7.3
202210,7.14,2.58,11.49,2.35,9.22,7.51,9.58,6.86,9.75,17.98
202211,1.52,9.12,6,4.14,5.78,8.99,7.32,2.68,4.06,1.86
202212,-9.56,-13.59,-8.24,-3.65,-4.24,-8.31,-3.91,-2.95,-3.26,-4.23
202301,22.1,22.22,14.3,6.37,7.61,5.64,5.21,0.17,1.12,0.52
202302,8.42,-2.85,-4.78,-0.22,-3.05,-2.08,-2.61,-3.52,-2.25,-5.02
202303,-4.82,8.28,7.06,2.48,1.19,1.3,1.93,0.22,0.59,0.39
202304,-6.69,-2.61,3.37,1.66,0.53,0.87,0.64,2.41,0.71,1.94
202305,2.88,6.98,3.56,-0.17,-3.02,1.27,-2.42,2.5,-3.34,8.6
202306,9.76,15.46,5.69,6.37,3.58,5.72,6.88,6.82,7.2,8.48
202307,12.31,5.79,4.34,5.18,4.13,4.2,4.02,2.85,0.71,5.1
202308,-9.38,-6.37,-4.54,-3.87,-1.8,-1.06,-0.18,-2.7,2.56,-1.19
202309,-9.38,-5.52,-4.01,-2.86,-4.29,-2.91,-5.52,-3.69,-5.47,-7.71
202310,-9.19,-5.46,-4.22,-3.37,-4.3,0.11,-2.48,-0.3,-3.45,-4.09
202311,8.99,9.04,7.53,5.88,6.65,7.65,9,9.73,11.7,12.76
202312,19.71,10.03,10.31,6.19,6.04,5.16,4.51,3.51,4.21,3.99
202401,-7.11,-4,-3.18,0,0.28,0.55,2.05,2.63,-1.16,5.13
202402,2.6,1.41,2.35,2.26,2.18,3.85,3.8,4.58,4.51,12.82
202403,0.57,4.92,5.14,3.04,5.54,2.99,3.18,1.15,3.25,3.94
202404,-7.16,-3.93,-2.58,-1.53,-2.87,-4.67,-5.06,-2.58,-5.86,-5.52
202405,6.03,3,2.05,4.67,2.46,3.5,4.43,4.25,0.99,11.83
202406,-2.39,0.47,4.01,1.99,0.29,3.01,2.54,3.59,5.3,6.87
202407,12.39,3.57,3.51,5.32,5.21,4.09,0.57,1.54,-0.88,-4.7
202408,-2.44,-2.55,-1.87,3.35,0.77,3.15,3.52,4.06,-0.18,4.62
202409,4.21,5.98,0.04,1.21,2.24,1.8,1.66,2.92,0.37,4.11
202410,-3.28,-1.96,-0.79,-2.27,-1.82,-1.93,-0.89,0.15,0.25,2.73
202411,12.36,5.55,5.58,6.58,8.52,5.58,6.83,7.42,8.18,6.74
202412,-3.53,-8.24,-5.66,-2.31,-5.15,-1.3,-0.06,-5.92,-5.62,0.25
202501,1.59,2.77,2.6,3.84,2.04,1.54,3.99,5.03,8.93,-0.05
202502,-2.36,-1.8,-0.03,-2.59,-0.21,3.59,0.29,-3.66,-2.33,-7.74
202503,-6.31,-4.25,-2.93,-2.96,-2.55,-2.04,-3.32,-8.28,-9.11,-11.25
202504,-4.48,-5.17,-3.84,-3.72,-0.69,-3.37,-0.06,-0.06,-1.4,7.67
202505,8.64,1.28,5.54,5.65,9.35,2.29,4.62,12.47,5.3,5.8
202506,8.27,11.24,6.56,4.41,5.89,8.39,3,8.31,1.35,4
202507,-2.76,1.89,-1.6,4.9,2.9,6.61,1.32,0.56,-0.02,0.75
202508,11.53,5.46,5.24,3.33,6.65,7.24,3.36,-1.19,1.23,-1.27
202509,3.03,-2.29,-0.09,4.97,-1.09,0.22,1.14,4.7,3.59,7.82
202510,0.28,-0.33,4.59,0.6,3.88,-2.3,0.48,3.41,2.91,4.67
202511,-0.62,2.98,2.69,7.27,1.55,2.43,0.31,0.13,-1.33,-3.63
202512,2.64,2.2,2.24,0.51,0.11,1.08,-0.72,-0.51,-0.38,-0.27
202601,-0.13,-6.75,-1.19,5.19,2.15,0.67,-4.32,0.17,2.33,6.11
202602,-5.38,-0.25,-0.17,1.08,-3.19,1.65,1.28,-3.15,4.01,-3.39
202603,-5.47,-6.76,-4.96,-5.07,-5.38,-4.55,-3.33,-2,-4.43,-6.52
202604,6.54,2.7,2.79,4.86,10.51,5.44,3.87,3.32,10.29,31.7
202605,3.73,0.34,5.05,7.09,-0.12,7.58,1.77,2.87,3.36,20.04
202606,-6.93,-1.13,-4.29,-7.52,1.06,5.06,-3.86,-1.69,-4.72,8.35
