,alpha,t_alpha,beta
SL,-0.5320,-2.2013,1.6022
S2,-0.2856,-1.5881,1.3902
S3,0.0570,0.3840,1.3566
S4,0.2642,1.8802,1.2603
SH,0.4047,2.4758,1.3570
2L,-0.2213,-1.8000,1.2708
22,0.0927,0.8801,1.2303
23,0.1500,1.5256,1.2002
24,0.2016,1.8813,1.2114
2H,0.2873,2.1222,1.3721
3L,-0.1328,-1.4263,1.2456
32,0.1258,1.7704,1.1289
33,0.1383,1.8833,1.1181
34,0.1934,2.1708,1.1682
3H,0.1689,1.3660,1.3531
4L,-0.0262,-0.4076,1.0866
42,0.0276,0.5013,1.0895
43,0.0913,1.3617,1.1013
44,0.1664,1.9607,1.1572
4H,0.0717,0.5701,1.3851
BL,0.0230,0.5113,0.9627
B2,0.0006,0.0145,0.9448
B3,0.0570,0.9004,0.9648
B4,-0.0899,-1.0478,1.0927
BH,0.1033,0.7246,1.3049
