,skew,idio_vol,p99
SL,3.1005,8.2943,34.5614
S2,2.9294,6.1709,28.4858
S3,2.1223,5.0965,27.7024
S4,2.7344,4.8226,23.0323
SH,2.8805,5.6096,26.4743
2L,0.7076,4.2202,20.8230
22,1.4188,3.6160,18.9353
23,1.6958,3.3746,16.7241
24,2.0950,3.6767,18.6940
2H,1.7356,4.6466,24.5116
3L,0.8002,3.1947,18.4011
32,0.1193,2.4379,17.6010
33,0.9928,2.5200,15.2698
34,1.7751,3.0572,16.2993
3H,1.6036,4.2441,22.2895
4L,-0.1955,2.2095,15.4487
42,0.6373,1.8928,14.5310
43,1.0262,2.3011,15.9480
44,1.5042,2.9126,17.4429
4H,1.9190,4.3185,21.3069
BL,-0.1162,1.5435,12.7288
B2,0.3072,1.5251,13.2956
B3,0.8645,2.1725,14.2227
B4,1.0557,2.9432,16.5593
BH,1.7137,4.8920,22.0040
