,mean,sd,sharpe
SL,0.5817,11.8789,0.0490
S2,0.6808,9.6184,0.0708
S3,1.0001,8.8205,0.1134
S4,1.1404,8.2457,0.1383
SH,1.3480,9.1283,0.1477
2L,0.6621,7.9553,0.0832
22,0.9480,7.4627,0.1270
23,0.9843,7.2073,0.1366
24,1.0437,7.4053,0.1409
2H,1.2412,8.6372,0.1437
3L,0.7331,7.3408,0.0999
32,0.9105,6.4671,0.1408
33,0.9156,6.4457,0.1420
34,1.0054,6.9113,0.1455
3H,1.1095,8.3404,0.1330
4L,0.7291,6.1742,0.1181
42,0.7851,6.0829,0.1291
43,0.8569,6.2802,0.1364
44,0.9709,6.7961,0.1429
4H,1.0346,8.5245,0.1214
BL,0.6922,5.3359,0.1297
B2,0.6574,5.2395,0.1255
B3,0.7277,5.5613,0.1309
B4,0.6698,6.5024,0.1030
BH,1.0104,8.4786,0.1192
MktRF,0.6952,5.3056,0.1310
