yyyymm,oos_tangency
192607,-8.3079
192608,14.5577
192609,5.4200
192610,11.0800
192611,-1.2585
192612,-3.3847
192701,-0.1346
192702,12.4116
192703,-17.3027
192704,-1.7393
192705,13.5073
192706,-15.9518
192707,-1.5116
192708,9.4637
192709,9.0324
192710,1.5147
192711,2.0913
192712,-3.3476
192801,23.0963
192802,6.2231
192803,38.6668
192804,17.0639
192805,16.7409
192806,-3.9940
192807,-8.6855
192808,4.3434
192809,31.1395
192810,16.9519
192811,7.2942
192812,6.7596
192901,8.2833
192902,6.1325
192903,1.6217
192904,17.4540
192905,-11.8550
192906,8.4871
192907,-3.8432
192908,-1.7042
192909,-1.7598
192910,-22.1468
192911,-1.5980
192912,16.7113
193001,13.8108
193002,-11.8034
193003,15.3282
193004,8.4648
193005,6.1114
193006,-13.6098
193007,-1.4134
193008,0.0978
193009,19.4526
193010,-14.5032
193011,-3.8436
193012,5.8364
193101,14.4798
193102,5.5780
193103,-20.2118
193104,-14.1745
193105,-12.9370
193106,3.5438
193107,0.7034
193108,7.3515
193109,-43.1360
193110,40.0203
193111,3.3734
193112,-36.4710
193201,30.7037
193202,19.4160
193203,12.0311
193204,-4.2939
193205,21.6388
193206,-13.9696
193207,23.3334
193208,79.4430
193209,4.3468
193210,-17.9190
193211,3.9903
193212,28.4380
193301,-30.2128
193302,4.5430
193303,12.9085
193304,0.3736
193305,31.8537
193306,-93.1437
193307,-16.4597
193308,-0.7913
193309,-21.0028
193310,2.8245
193311,13.7511
193312,11.3448
193401,-18.5866
193402,12.0558
193403,-0.1465
193404,-3.2370
193405,4.6080
193406,7.9767
193407,-8.9229
193408,3.3682
193409,6.9648
193410,2.9843
193411,3.3184
193412,-2.4065
193501,29.9446
193502,12.1083
193503,-1.6840
193504,-6.6524
193505,6.8661
193506,4.6549
193507,-13.6327
193508,28.9216
193509,-8.3547
193510,17.5860
193511,38.2981
193512,4.0953
193601,17.1035
193602,15.8238
193603,-8.8633
193604,3.2363
193605,19.0633
193606,6.2139
193607,6.9482
193608,8.2998
193609,-1.3138
193610,15.7686
193611,16.2394
193612,-10.9017
193701,-2.7411
193702,-4.2997
193703,0.3742
193704,-14.8712
193705,10.0120
193706,-13.6867
193707,2.4915
193708,4.9023
193709,0.7313
193710,-11.4425
193711,-24.0824
193712,8.7758
193801,9.0023
193802,-11.1736
193803,-26.0968
193804,4.6200
193805,10.3700
193806,-7.4945
193807,14.7790
193808,-12.2204
193809,-3.1456
193810,7.4742
193811,3.1820
193812,-12.9781
193901,-11.7958
193902,11.9365
193903,9.5832
193904,8.3543
193905,11.2701
193906,14.5248
193907,-8.3363
193908,0.8476
193909,42.3523
193910,5.2445
193911,-12.6179
193912,8.0287
194001,10.1838
194002,13.9520
194003,5.3308
194004,6.5054
194005,-20.1671
194006,12.8482
194007,8.9366
194008,-0.0620
194009,10.9344
194010,-11.4618
194011,-10.1898
194012,2.0849
194101,5.5806
194102,0.2062
194103,14.9249
194104,4.8438
194105,-6.5673
194106,31.6442
194107,0.1363
194108,3.3483
194109,-2.9026
194110,-12.3000
194111,0.2567
194112,11.5023
194201,-10.0855
194202,-1.3720
194203,4.5999
194204,-2.4783
194205,11.6003
194206,11.5929
194207,-5.1575
194208,0.9038
194209,1.2070
194210,-8.1506
194211,-13.0844
194212,2.5062
194301,18.2423
194302,9.3270
194303,14.0115
194304,19.5548
194305,-0.5734
194306,4.7496
194307,-7.0286
194308,12.1812
194309,-0.8760
194310,1.4728
194311,-11.6075
194312,15.8629
194401,10.0473
194402,0.5907
194403,9.8088
194404,-2.6443
194405,10.9656
194406,5.6404
194407,-4.5873
194408,5.0349
194409,0.8352
194410,5.0842
194411,7.4121
194412,13.0272
194501,-6.0705
194502,13.3781
194503,-15.0671
194504,13.1278
194505,2.0845
194506,-2.5433
194507,-1.3363
194508,11.5906
194509,3.6797
194510,-10.2635
194511,-6.8456
194512,7.4877
194601,-2.4623
194602,-5.9568
194603,12.6018
194604,13.4313
194605,0.4066
194606,-2.2350
194607,-4.2679
194608,-7.1005
194609,-7.6365
194610,-3.8079
194611,2.1828
194612,4.3616
194701,0.5488
194702,2.8274
194703,-0.4006
194704,-10.1632
194705,0.2030
194706,0.0144
194707,3.9637
194708,0.9509
194709,3.9940
194710,-2.8894
194711,7.9924
194712,6.8102
194801,1.4403
194802,-3.6981
194803,7.2419
194804,0.1482
194805,-0.3642
194806,1.4838
194807,1.0345
194808,5.9208
194809,-3.0188
194810,8.8238
194811,-1.0259
194812,2.2631
194901,-2.3303
194902,-6.9100
194903,1.0772
194904,-7.9881
194905,3.0946
194906,2.6680
194907,7.3158
194908,-3.2839
194909,-1.4552
194910,-4.1925
194911,5.5435
194912,6.0793
195001,-2.5528
195002,-4.8959
195003,0.2097
195004,10.6551
195005,7.5375
195006,-6.1840
195007,-9.6729
195008,10.0700
195009,5.4739
195010,0.7258
195011,9.4416
195012,11.9297
195101,9.7929
195102,5.4677
195103,-6.9392
195104,11.1890
195105,-3.3812
195106,3.3659
195107,4.9444
195108,-4.9126
195109,-0.9799
195110,-7.2669
195111,-1.9306
195112,5.1020
195201,-4.6538
195202,-5.5707
195203,1.8783
195204,-2.2449
195205,5.4508
195206,2.1981
195207,-5.9132
195208,0.3381
195209,3.4139
195210,-1.2684
195211,5.4468
195212,2.6207
195301,0.5255
195302,-2.8237
195303,3.1911
195304,3.3768
195305,-0.0728
195306,-1.9781
195307,8.9232
195308,4.4007
195309,-6.7742
195310,2.4182
195311,-0.3643
195312,-2.7775
195401,0.6374
195402,3.1807
195403,2.8821
195404,5.4178
195405,-3.1676
195406,5.7455
195407,13.4469
195408,4.0196
195409,9.5892
195410,3.4320
195411,0.2690
195412,14.9858
195501,7.2898
195502,4.2240
195503,-0.4749
195504,4.0810
195505,5.3095
195506,-2.7103
195507,4.6644
195508,-8.3355
195509,4.3189
195510,6.8854
195511,1.6666
195512,5.0249
195601,-10.0691
195602,5.8063
195603,8.6711
195604,2.9185
195605,-2.6163
195606,8.1977
195607,8.3301
195608,-0.9380
195609,7.0496
195610,5.0396
195611,0.6806
195612,0.9856
195701,2.4019
195702,-1.9537
195703,5.6950
195704,7.7498
195705,-2.0204
195706,4.1707
195707,-0.0832
195708,-5.7663
195709,-0.5891
195710,-7.5367
195711,6.1028
195712,0.0177
195801,7.7825
195802,0.4315
195803,1.7809
195804,-3.7692
195805,-2.3244
195806,6.6567
195807,3.8773
195808,6.6603
195809,9.4299
195810,-12.1625
195811,-11.0575
195812,9.9605
195901,0.4415
195902,4.0823
195903,3.3255
195904,14.1840
195905,10.6515
195906,-1.2690
195907,1.5885
195908,-3.6080
195909,1.4564
195910,2.6923
195911,-3.1324
195912,0.6296
196001,-2.5708
196002,1.8828
196003,9.9724
196004,-10.8367
196005,32.8055
196006,1.4165
196007,-2.2449
196008,-0.6939
196009,-2.5407
196010,9.0467
196011,13.5399
196012,2.5974
196101,-3.1700
196102,8.9984
196103,-0.6363
196104,6.2969
196105,9.4390
196106,4.0595
196107,5.3297
196108,-0.3431
196109,6.4649
196110,-14.0199
196111,9.0789
196112,-4.4494
196201,3.2287
196202,0.6547
196203,0.3812
196204,-8.1986
196205,-13.4981
196206,-6.6006
196207,9.2097
196208,-5.2005
196209,-2.7566
196210,1.4361
196211,14.1608
196212,3.8766
196301,5.9359
196302,2.9403
196303,7.7764
196304,15.2711
196305,9.8698
196306,-7.9139
196307,2.0116
196308,9.7528
196309,3.3261
196310,13.7513
196311,2.4364
196312,1.6506
196401,2.8246
196402,1.9796
196403,11.2485
196404,0.3153
196405,1.5268
196406,1.0350
196407,7.0457
196408,1.2410
196409,0.6105
196410,6.2130
196411,3.2780
196412,-1.3189
196501,6.6070
196502,9.1997
196503,-1.1217
196504,10.3670
196505,-2.4807
196506,-9.1090
196507,-1.1949
196508,4.1152
196509,-1.2590
196510,7.2951
196511,9.8391
196512,2.6218
196601,-0.1681
196602,4.6643
196603,-3.7054
196604,4.5020
196605,-5.9643
196606,-4.8864
196607,-5.5205
196608,-6.7658
196609,-8.3360
196610,13.7229
196611,5.8169
196612,-6.4770
196701,12.2424
196702,9.0346
196703,6.6740
196704,4.0687
196705,-6.0162
196706,4.8459
196707,6.4777
196708,4.8104
196709,6.8071
196710,9.8581
196711,-2.8202
196712,-3.9540
196801,2.9284
196802,-2.1986
196803,6.3929
196804,7.0981
196805,3.3266
196806,2.8893
196807,3.5606
196808,5.4864
196809,-1.7342
196810,2.6602
196811,10.5085
196812,-5.4263
196901,-3.0886
196902,-3.8568
196903,9.9308
196904,1.7177
196905,2.0909
196906,-2.3084
196907,2.4090
196908,6.2985
196909,-2.5445
196910,0.1671
196911,-0.3081
196912,0.1582
197001,4.9109
197002,-1.6136
197003,-0.6367
197004,8.2511
197005,-23.0751
197006,2.9729
197007,-0.4725
197008,-1.9021
197009,6.5800
197010,0.6789
197011,15.6694
197012,10.9154
197101,10.4928
197102,-4.2127
197103,6.0025
197104,1.5962
197105,-4.5992
197106,-1.8494
197107,4.1464
197108,11.3578
197109,-4.0273
197110,-6.2266
197111,-1.0970
197112,10.5587
197201,7.1068
197202,4.5630
197203,0.6490
197204,0.1137
197205,5.5057
197206,-3.6287
197207,7.8010
197208,0.8143
197209,-7.0782
197210,5.9967
197211,-2.0944
197212,6.5898
197301,7.6033
197302,10.3045
197303,4.8654
197304,-2.1902
197305,11.4150
197306,8.6741
197307,-15.0969
197308,-12.2829
197309,-7.6865
197310,13.9533
197311,-4.3926
197312,-14.1924
197401,13.2215
197402,-4.7688
197403,11.2586
197404,-1.0534
197405,-5.1566
197406,0.9682
197407,-7.4650
197408,-6.0729
197409,-17.9219
197410,8.0034
197411,-18.2754
197412,-4.0154
197501,19.0509
197502,11.0174
197503,-0.0625
197504,-6.1170
197505,1.5972
197506,-0.6875
197507,1.3443
197508,-17.0360
197509,-3.5982
197510,3.4652
197511,5.5446
197512,-12.4381
197601,31.0695
197602,15.3178
197603,-4.7659
197604,1.2863
197605,-12.3726
197606,4.4762
197607,4.4444
197608,1.7121
197609,0.6011
197610,0.3430
197611,-0.5126
197612,4.8565
197701,0.2753
197702,5.8482
197703,-2.8538
197704,-7.0393
197705,3.0683
197706,6.3978
197707,3.4789
197708,3.7720
197709,2.6810
197710,-2.2183
197711,3.9048
197712,-4.1370
197801,-0.2253
197802,2.4508
197803,2.6031
197804,4.2077
197805,4.9164
197806,-0.0993
197807,10.4268
197808,8.9747
197809,-6.0783
197810,-6.0301
197811,-4.4070
197812,-1.8344
197901,7.9347
197902,-6.2909
197903,-0.0523
197904,2.4098
197905,0.8188
197906,5.4418
197907,-0.6845
197908,3.4503
197909,-7.5207
197910,-16.2527
197911,-8.6050
197912,-8.6567
198001,-11.3450
198002,-12.3158
198003,2.3637
198004,-1.1449
198005,11.0385
198006,2.3303
198007,9.0136
198008,-1.8561
198009,2.8726
198010,-7.9625
198011,5.5093
198012,4.0588
198101,2.9100
198102,6.5339
198103,4.1645
198104,-1.8207
198105,-8.8890
198106,8.1785
198107,4.4525
198108,-0.6309
198109,1.2571
198110,5.8962
198111,5.8969
198112,-3.0142
198201,0.5531
198202,-0.6063
198203,-4.5596
198204,1.7745
198205,-1.4554
198206,3.3597
198207,11.0933
198208,4.9873
198209,11.0407
198210,3.3743
198211,12.0246
198212,6.1196
198301,-4.6145
198302,15.9336
198303,14.7315
198304,7.5280
198305,-0.0743
198306,6.3327
198307,6.6638
198308,-5.1730
198309,14.2293
198310,-1.1525
198311,2.2226
198312,4.5808
198401,-0.3667
198402,1.3781
198403,-1.3507
198404,3.7620
198405,-4.4037
198406,-1.1685
198407,4.5556
198408,-4.6638
198409,5.0052
198410,1.0061
198411,5.0664
198412,-1.8889
198501,-7.2742
198502,-1.3200
198503,0.9993
198504,-0.3196
198505,-1.3040
198506,9.2187
198507,2.6681
198508,-2.7272
198509,3.5382
198510,5.6239
198511,8.4303
198512,4.8607
198601,5.8822
198602,5.7809
198603,8.8537
198604,2.2057
198605,-4.5247
198606,5.8207
198607,-10.1605
198608,-1.2784
198609,0.3412
198610,-5.4819
198611,-3.5141
198612,-2.0588
198701,5.2830
198702,13.2449
198703,7.4085
198704,-9.1721
198705,7.0591
198706,8.3949
198707,12.2579
198708,4.4886
198709,-1.4248
198710,-28.3772
198711,-0.7683
198712,13.3067
198801,-8.8937
198802,5.0002
198803,2.1174
198804,1.2750
198805,-4.8377
198806,3.9028
198807,1.8039
198808,-1.3120
198809,1.8557
198810,1.5529
198811,-4.7176
198812,2.6333
198901,4.3684
198902,2.7493
198903,2.2292
198904,6.7378
198905,1.0266
198906,1.3244
198907,-0.6274
198908,4.9565
198909,-2.3370
198910,-3.4956
198911,0.9703
198912,-6.8490
199001,-12.7084
199002,-0.8052
199003,5.0081
199004,1.8294
199005,4.2218
199006,0.8498
199007,5.1818
199008,-0.5431
199009,5.1429
199010,-0.4427
199011,-2.1644
199012,1.3109
199101,10.2573
199102,10.1497
199103,-0.4623
199104,-2.1157
199105,5.4452
199106,0.9106
199107,0.1780
199108,3.8471
199109,-5.7054
199110,-10.8773
199111,2.2081
199112,14.4957
199201,-0.7931
199202,8.8734
199203,9.5169
199204,3.8075
199205,6.5110
199206,-0.2365
199207,8.1809
199208,5.6227
199209,-0.8541
199210,-2.8697
199211,-0.9160
199212,1.4410
199301,10.7056
199302,5.6200
199303,8.2468
199304,-6.1001
199305,-1.4849
199306,-4.0212
199307,-0.6497
199308,6.2854
199309,-2.8048
199310,0.6631
199311,9.4280
199312,2.4515
199401,-2.8697
199402,4.5135
199403,-0.0641
199404,4.4238
199405,6.2519
199406,4.7434
199407,2.5653
199408,-8.5885
199409,3.3695
199410,-0.0113
199411,2.7617
199412,4.3285
199501,-0.0379
199502,3.4722
199503,-2.1753
199504,1.9061
199505,0.0541
199506,-0.5941
199507,-3.3458
199508,-4.4222
199509,1.6453
199510,4.9054
199511,-1.6578
199512,5.3776
199601,-0.6150
199602,4.9473
199603,-5.6961
199604,-6.6929
199605,9.0604
199606,9.8606
199607,4.1083
199608,-1.3340
199609,9.3557
199610,8.9252
199611,10.2342
199612,-0.9239
199701,3.9124
199702,9.6207
199703,9.4132
199704,17.2829
199705,-6.3350
199706,9.9485
199707,11.4324
199708,-4.1891
199709,6.2697
199710,-1.1324
199711,11.8371
199712,7.3102
199801,-4.0807
199802,9.1045
199803,-5.7082
199804,-0.6406
199805,-4.1525
199806,-3.1516
199807,-2.5805
199808,-5.7867
199809,5.3574
199810,0.6322
199811,8.3532
199812,2.5687
199901,0.5883
199902,-21.1634
199903,-0.0006
199904,-1.5175
199905,2.7064
199906,14.8102
199907,-3.0465
199908,0.4239
199909,-2.4394
199910,-4.1973
199911,-3.4622
199912,-4.8605
200001,-6.7081
200002,-25.5981
200003,-11.4775
200004,11.3341
200005,-7.8520
200006,-14.2322
200007,-5.9971
200008,5.9358
200009,-25.7017
200010,1.4650
200011,-11.3816
200012,15.0388
200101,-7.6201
200102,-8.4378
200103,-0.5039
200104,16.9553
200105,-1.0329
200106,10.8756
200107,21.8254
200108,17.0685
200109,10.4447
200110,-8.0538
200111,-7.2154
200112,10.5329
200201,11.6350
200202,10.6743
200203,-2.7565
200204,10.1321
200205,-5.4658
200206,11.6585
200207,-2.9017
200208,-8.9524
200209,-1.6781
200210,-3.2226
200211,-12.6674
200212,6.5329
200301,4.8559
200302,4.9965
200303,4.2805
200304,5.2326
200305,-4.3762
200306,1.2624
200307,0.8189
200308,3.0542
200309,8.2212
200310,9.8043
200311,6.7085
200312,3.0375
200401,9.4273
200402,8.0932
200403,0.1795
200404,-2.2297
200405,6.6101
200406,-2.2646
200407,-3.0420
200408,3.0961
200409,-0.3931
200410,-0.5324
200411,9.1463
200412,-1.6887
200501,7.3137
200502,8.4898
200503,-2.9870
200504,-6.2603
200505,-3.3790
200506,5.6906
200507,6.8189
200508,-3.5485
200509,-0.0219
200510,1.4276
200511,1.0782
200512,-4.4351
200601,4.7990
200602,-6.0240
200603,9.6938
200604,3.6933
200605,-5.6249
200606,3.9705
200607,-5.8901
200608,1.8812
200609,6.3429
200610,-1.8478
200611,0.0932
200612,6.0485
200701,3.3884
200702,-5.6789
200703,-0.0939
200704,4.7402
200705,7.2892
200706,-2.7748
200707,-2.8114
200708,2.7888
200709,-1.5662
200710,5.2640
200711,-7.1499
200712,2.1453
200801,-2.2013
200802,8.5158
200803,14.9856
200804,9.4899
200805,9.1313
200806,10.0183
200807,-0.9995
200808,6.8876
200809,9.7729
200810,1.7416
200811,0.0215
200812,-2.2047
200901,-8.0563
200902,-7.3828
200903,1.6687
200904,10.4338
200905,-5.0976
200906,-8.7287
200907,21.8665
200908,-0.5057
200909,3.3917
200910,-5.6076
200911,5.3189
200912,9.7933
201001,9.4341
201002,5.2675
201003,9.5420
201004,18.1137
201005,-11.5092
201006,-6.3260
201007,10.2700
201008,-8.2500
201009,14.3852
201010,3.4756
201011,1.1314
201012,4.7605
201101,1.0853
201102,10.9039
201103,-1.4357
201104,8.8501
201105,-4.3224
201106,6.0752
201107,3.4925
201108,-10.7066
201109,-11.6544
201110,13.8341
201111,0.4084
201112,0.9506
201201,8.1266
201202,-1.1586
201203,11.0296
201204,0.8072
201205,-7.5351
201206,-2.3529
201207,-0.5293
201208,4.2341
201209,-0.2169
201210,4.4974
201211,5.5569
201212,2.1431
201301,2.2781
201302,1.4063
201303,-2.4638
201304,6.5151
201305,3.6336
201306,-5.2284
201307,11.5064
201308,-0.5154
201309,5.2277
201310,11.6094
201311,1.2780
201312,-0.7210
201401,-18.8480
201402,5.1560
201403,1.4800
201404,5.7657
201405,1.4838
201406,-4.9394
201407,0.4133
201408,3.6133
201409,-0.7372
201410,8.6519
201411,-0.1778
201412,-0.0149
201501,-5.6702
201502,9.8734
201503,-1.7156
201504,-0.8098
201505,-0.2426
201506,3.1966
201507,-7.2622
201508,5.1518
201509,3.0787
201510,4.0548
201511,-7.7394
201512,-7.3289
201601,2.6638
201602,4.2901
201603,3.1506
201604,-1.8988
201605,0.0193
201606,5.6997
201607,9.0397
201608,4.1253
201609,-3.6598
201610,7.0975
201611,10.9708
201612,11.9066
201701,-3.6391
201702,-5.3487
201703,-3.8661
201704,4.9208
201705,0.7013
201706,-9.1878
201707,1.7181
201708,-7.2769
201709,12.2584
201710,6.2347
201711,3.8783
201712,-0.1862
201801,2.4185
201802,0.8557
201803,2.2548
201804,-1.7052
201805,0.0427
201806,-0.8902
201807,4.2348
201808,1.2973
201809,1.3946
201810,2.4072
201811,-6.8929
201812,-5.2667
201901,8.5754
201902,6.1460
201903,-5.8894
201904,4.7438
201905,-6.3389
201906,3.0634
201907,4.3079
201908,-5.8488
201909,16.8899
201910,10.2307
201911,-3.6392
201912,1.0816
202001,-2.5211
202002,-11.4938
202003,-26.7090
202004,-5.0460
202005,3.4306
202006,7.8524
202007,13.5384
202008,9.6265
202009,-6.6547
202010,9.9988
202011,7.9848
202012,4.6062
202101,26.8954
202102,-8.5058
202103,24.3620
202104,0.9411
202105,14.3308
202106,4.8321
202107,15.0319
202108,0.8284
202109,-2.7740
202110,8.5229
202111,15.1894
202112,11.3999
202201,-3.0408
202202,-0.4135
202203,-6.0409
202204,13.5559
202205,-1.9834
202206,-16.0558
202207,13.1669
202208,-15.2963
202209,-14.4965
202210,11.7205
202211,12.6124
202212,-9.4519
202301,3.9787
202302,7.2940
202303,8.4787
202304,-10.4471
202305,1.6876
202306,17.2009
202307,10.0370
202308,2.3485
202309,-2.2372
202310,4.8819
202311,8.7685
202312,10.5399
202401,-11.4912
202402,-6.4857
202403,2.9721
202404,-5.0985
202405,10.0697
202406,6.3636
202407,4.9144
202408,-10.3205
202409,3.3899
202410,-5.6418
202411,16.0792
202412,-9.9041
202501,-2.5575
202502,-8.7314
202503,-6.2136
202504,-16.0038
202505,5.9319
202506,4.3149
202507,3.8045
202508,6.3737
202509,5.6896
202510,-0.0313
202511,3.8439
202512,1.0910
202601,16.5202
202602,-4.5787
202603,-0.8914
202604,6.1746
202605,8.8896
202606,11.2074
