,alpha,t_alpha,beta,wml_loading,t_wml,trailing_t12_t2
SL,-0.1995,-0.5781,0.4706,-0.2122,-6.6517,8.7126
S2,-0.0657,-0.2386,0.4617,-0.1300,-5.4499,12.2083
S3,0.3533,1.3907,0.3974,-0.2176,-11.4871,15.0850
S4,0.4958,2.0999,0.3951,-0.1724,-9.4840,17.2772
SH,0.7348,2.7732,0.3711,-0.2424,-11.6335,19.9296
2L,-0.1694,-0.7724,0.5042,-0.0322,-1.9492,11.1018
22,0.2049,0.9893,0.4542,-0.0877,-6.2944,14.1546
23,0.2590,1.2955,0.4409,-0.1017,-7.8866,14.6506
24,0.3819,1.8315,0.4081,-0.1435,-10.4244,15.5824
2H,0.5310,2.1544,0.4289,-0.2013,-11.6717,17.6713
3L,-0.0745,-0.3724,0.4942,-0.0339,-2.7174,11.7398
32,0.1222,0.7089,0.4763,-0.0258,-2.7029,13.8240
33,0.1911,1.0931,0.4427,-0.0735,-7.6528,13.8975
34,0.3071,1.5991,0.4185,-0.1258,-11.0202,14.9704
3H,0.3897,1.6481,0.4375,-0.2028,-13.0464,16.0982
4L,-0.1046,-0.6563,0.5041,0.0458,5.3514,11.7680
42,0.0242,0.1505,0.4604,-0.0371,-5.0503,12.2578
43,0.1191,0.7056,0.4478,-0.0674,-7.6616,13.1579
44,0.2817,1.4949,0.4167,-0.1361,-12.7037,14.6674
4H,0.2817,1.1688,0.4572,-0.2089,-13.2121,15.2786
BL,-0.0722,-0.5365,0.4628,0.0436,7.3770,11.2498
B2,-0.0701,-0.5216,0.4348,-0.0007,-0.1232,10.6139
B3,0.0655,0.4392,0.4014,-0.0557,-6.6664,11.5761
B4,-0.0038,-0.0212,0.4042,-0.1255,-11.4734,11.2099
BH,0.2811,1.1692,0.4430,-0.1999,-10.9392,14.1866
