yyyymm,IND30,MOM10,FF25,MktRF
192701,2.5646,1.4302,6.6387,-0.0500
192702,7.7116,5.4212,15.0098,4.1700
192703,-0.3039,4.8847,-15.0729,0.1400
192704,6.7712,3.3422,1.2290,0.4700
192705,12.0613,6.6504,17.5754,5.4500
192706,0.8798,1.5456,-13.2772,-2.3800
192707,7.5260,14.4345,-2.9790,7.2600
192708,2.7896,8.2137,2.0896,1.9900
192709,7.0550,10.6511,8.1175,4.7700
192710,2.1414,-3.1228,-1.1890,-4.2900
192711,6.3568,-1.5089,6.6963,6.5200
192712,-2.9520,1.4930,3.8366,2.0900
192801,-0.0534,-0.6341,12.6420,-0.5700
192802,-3.2194,-0.5337,0.9335,-1.6900
192803,5.7956,5.6644,21.1758,8.7900
192804,-5.1522,2.0856,22.2245,4.2500
192805,2.3476,0.8656,17.1129,1.5200
192806,2.6992,-1.4226,-0.3538,-4.9000
192807,3.0317,1.9489,-4.7500,0.6300
192808,8.1587,5.7803,8.3376,6.6900
192809,-1.3733,4.2766,18.7530,2.8700
192810,-3.3690,10.5665,23.0134,1.3100
192811,11.6165,27.7723,17.1210,11.8200
192812,4.3506,5.5662,4.0508,0.4000
192901,-1.1970,-0.5126,-2.3887,4.6600
192902,2.0233,5.6499,6.2694,-0.3400
192903,8.0449,3.0629,2.1578,-0.8500
192904,7.3913,9.1282,17.6842,1.4700
192905,-2.9381,-4.2693,-17.1518,-6.3800
192906,10.1769,13.3729,17.7091,9.7000
192907,0.7972,3.5885,-2.1121,4.4800
192908,13.5160,10.6145,5.4751,8.1400
192909,-1.9535,-0.0463,3.9699,-5.4500
192910,-6.4704,-10.0220,-25.8290,-20.0700
192911,-12.8143,-9.7685,-10.2048,-12.8700
192912,5.1786,5.7202,9.3495,1.2800
193001,-11.0260,-3.9619,12.5513,5.6100
193002,11.8421,3.4928,-12.7817,2.5000
193003,4.7911,4.1757,26.3785,7.0900
193004,2.9094,-5.9539,8.9788,-2.0500
193005,3.0613,-2.1490,5.1330,-1.6600
193006,-10.6130,-11.3066,-25.1686,-16.0800
193007,2.9016,9.5305,0.7184,4.1200
193008,9.2259,3.6886,5.1513,0.3000
193009,-10.3641,-8.5973,10.9621,-12.8100
193010,-3.5884,-1.7504,-3.0931,-8.7800
193011,2.1359,-3.5462,-2.8159,-3.0400
193012,-5.0131,9.4975,4.2200,-7.8600
193101,1.8185,-3.6114,20.1946,6.2500
193102,13.5991,8.1786,13.6068,10.8800
193103,-13.3318,2.1747,-11.4584,-6.3500
193104,0.2247,0.3764,-14.6289,-10.0000
193105,-10.9886,-8.0063,-15.4274,-13.2900
193106,11.1388,-1.0122,7.2754,13.9300
193107,-3.8752,0.7964,5.6673,-6.6300
193108,6.6285,-8.2353,-2.0688,0.4000
193109,-26.7152,-17.1589,-37.5093,-28.7400
193110,25.3572,14.8563,35.2357,7.9900
193111,-2.3426,-5.4105,14.3381,-9.1400
193112,1.6975,0.2972,-33.2102,-13.5200
193201,-4.7993,-15.0546,16.8767,-1.5700
193202,3.6078,-3.6274,23.9999,5.4500
193203,3.8716,-3.7962,-3.4193,-11.3000
193204,-16.4624,-5.8150,11.0320,-17.9400
193205,-15.3947,-5.2815,13.0151,-20.5100
193206,13.2900,-11.7083,-4.1803,-0.7700
193207,6.6345,1.5632,11.5223,33.6100
193208,1.8328,-8.1365,61.4958,37.1200
193209,-0.9834,-1.1028,1.2462,-2.9400
193210,-8.6912,5.5407,-20.9116,-13.1500
193211,4.9041,-14.2516,2.4237,-5.8800
193212,17.3188,8.3332,20.0590,4.4200
193301,9.7855,1.4708,-30.9474,1.2400
193302,-12.1641,-12.9969,10.8605,-15.2900
193303,11.1729,22.4629,24.7185,3.0600
193304,6.2876,22.5868,17.7637,38.8100
193305,3.9688,-9.2906,23.1593,21.4300
193306,3.0161,5.3478,-59.8572,13.1000
193307,-12.3267,-14.8464,-6.0967,-9.6400
193308,5.5736,22.1756,6.0918,12.0400
193309,5.3928,4.0995,-9.1146,-10.6500
193310,-6.6409,-8.9462,-1.8328,-8.3600
193311,11.5468,19.9443,8.3525,9.9700
193312,-3.2714,1.7359,12.7146,1.8200
193401,5.0392,-0.6035,-12.3449,12.6000
193402,-9.0576,0.8125,16.9568,-2.5100
193403,1.5690,0.7473,-3.9377,0.0900
193404,0.5776,-8.9534,-3.7804,-1.7900
193405,-1.6205,-9.0279,-4.4771,-7.2600
193406,-0.2530,3.7903,7.3693,2.7100
193407,-0.7612,1.1795,-6.9406,-10.9400
193408,-3.4249,10.6772,10.1710,5.5800
193409,3.3802,-2.9420,6.1036,-0.2400
193410,5.5603,4.0135,-1.5105,-1.6600
193411,5.4406,8.7297,7.1251,8.3300
193412,-3.8567,3.5613,-1.1186,0.3600
193501,-1.1014,-0.1721,24.3903,-3.4600
193502,4.6905,14.8852,8.1365,-1.9600
193503,0.4235,-5.6465,0.1086,-3.7100
193504,2.4381,11.7350,2.9356,9.0600
193505,1.6670,3.9738,14.3172,3.4600
193506,8.7299,16.1079,8.5678,5.9300
193507,15.4145,6.1365,-9.9158,7.5400
193508,-6.4080,-13.0111,25.9794,2.6500
193509,0.8605,19.5008,0.7024,2.6200
193510,15.1079,11.4368,15.9391,7.0300
193511,-4.8514,-12.4996,33.4617,4.8700
193512,2.7443,13.3772,13.3729,4.5500
193601,3.8600,8.1727,9.5092,6.8900
193602,5.3332,2.5532,10.2630,2.4900
193603,0.4925,6.1318,-0.3143,0.9600
193604,-2.9948,-14.8258,2.3586,-8.1400
193605,6.1322,7.1862,20.4120,5.1900
193606,3.7573,-2.2113,4.2498,2.4000
193607,0.3393,11.1242,12.0715,6.6800
193608,-2.8184,1.3179,7.0958,0.9900
193609,1.3471,-1.3694,0.4182,0.9700
193610,2.5087,3.6516,12.1819,7.1000
193611,2.7335,6.2333,12.8447,3.2600
193612,-4.8770,3.5054,0.4179,0.2000
193701,-3.3243,4.8283,-3.2188,3.3500
193702,0.1653,5.6029,2.6507,1.0800
193703,-5.9027,5.0132,7.8294,-0.2600
193704,-5.0649,-7.2273,-8.7313,-7.3600
193705,3.5670,0.0129,8.6883,-0.8300
193706,-1.2735,-5.4130,-6.3541,-4.2300
193707,6.2717,4.5273,2.4464,8.9100
193708,0.7990,-2.2967,3.8913,-4.8800
193709,0.6798,-11.1651,-4.1082,-13.6200
193710,0.4151,-13.9068,-3.7417,-9.5900
193711,-4.6636,-17.1518,-25.8972,-8.3300
193712,7.7892,3.4917,10.7874,-4.2900
193801,0.9584,-7.8665,6.9039,0.4800
193802,5.0340,1.4641,-6.2639,5.8500
193803,-8.9714,-11.9122,-21.3652,-23.9100
193804,9.8626,9.1589,9.4526,14.4800
193805,8.2086,-1.7335,15.1246,-3.8600
193806,-2.4689,15.8114,-1.6510,23.8900
193807,8.1780,-3.6076,14.7263,7.3300
193808,-4.2327,0.0927,-8.0172,-2.6800
193809,-1.2452,3.5664,-4.8373,0.8300
193810,4.3296,-4.4301,16.5109,7.8000
193811,-0.8790,7.0067,5.3934,-1.7400
193812,-1.0616,11.2150,-12.1110,4.1600
193901,1.7799,-9.4041,-9.6657,-5.9700
193902,4.3026,6.8582,12.8382,3.5100
193903,-0.1744,-12.6675,8.8174,-12.0300
193904,-0.4259,1.2136,5.3093,-0.1800
193905,2.4881,8.6270,14.3531,6.8100
193906,0.0430,-1.1373,11.3173,-5.3300
193907,-3.9442,13.7432,-0.3508,10.2200
193908,-2.6768,-0.7001,0.2949,-6.6800
193909,3.7108,-7.5030,19.9052,16.8900
193910,4.8529,7.0495,0.6052,-0.5300
193911,0.6476,-3.2208,-8.9075,-3.6500
193912,4.9686,9.5261,2.9359,2.9300
194001,-1.6215,-3.7776,6.7032,-2.4100
194002,1.6087,5.8819,9.7577,1.4400
194003,2.5863,3.8756,2.7931,2.0500
194004,1.7098,5.7465,5.6578,0.2200
194005,-12.7890,-17.0494,-20.4186,-22.0000
194006,-2.0394,3.6292,14.0961,6.6900
194007,-1.7678,5.5805,6.1214,3.1700
194008,2.5754,-1.8078,2.0230,2.2100
194009,0.3283,0.7136,4.7708,2.3900
194010,-0.5781,11.2369,-4.9662,3.0300
194011,2.0359,0.4619,-7.7633,-1.6500
194012,1.8753,6.2073,1.7092,0.6900
194101,-3.8718,-9.7797,4.6635,-4.1800
194102,-1.9127,-2.0096,-1.2889,-1.4300
194103,1.3695,3.2713,14.6003,0.8400
194104,-5.1760,1.4373,5.1980,-5.4600
194105,2.8963,-0.1021,-2.1863,1.3700
194106,4.6765,5.6071,28.6248,5.8300
194107,4.1855,1.6367,2.9079,5.8700
194108,-0.0583,2.2627,-0.3754,-0.1700
194109,2.8931,-2.4249,4.2655,-0.8800
194110,-5.7982,2.9010,-13.0777,-5.2600
194111,-2.8655,6.2147,5.0417,-1.9500
194112,-5.1537,-0.6785,7.4327,-4.8800
194201,-2.9757,-9.6704,-2.0445,0.7900
194202,-4.3621,-3.0750,1.9230,-2.4600
194203,-12.8488,-0.3703,3.1819,-6.6000
194204,-8.6913,-9.5162,-2.3338,-4.3700
194205,16.5754,-1.7688,6.9330,5.9600
194206,2.1658,3.2047,9.3545,2.6800
194207,1.1261,6.3473,-3.7723,3.5100
194208,1.3004,0.4741,-2.6495,1.8000
194209,0.1601,1.1976,2.8595,2.6200
194210,4.2562,-1.2289,2.9774,6.8200
194211,2.1493,-0.0568,-7.1621,0.1300
194212,6.4187,10.1754,5.5953,5.1400
194301,9.3633,3.9668,20.7086,7.1300
194302,-2.0243,-0.1876,9.9868,6.1600
194303,4.1897,7.7775,17.6603,6.0300
194304,1.7697,13.3827,12.8588,0.8100
194305,4.4037,15.2638,8.8932,5.7500
194306,2.4243,-2.2324,5.2570,1.8200
194307,0.2872,-14.5729,-10.9030,-4.7800
194308,0.2134,0.7084,8.0252,1.3000
194309,-0.4591,7.0510,2.5141,2.4000
194310,0.1166,-1.1136,1.5075,-1.1500
194311,-3.4783,-10.3941,-10.6014,-5.9300
194312,7.6691,17.1270,18.2809,6.3700
194401,3.5627,5.7043,5.2094,1.7400
194402,0.0814,-0.0918,-5.3819,0.3700
194403,4.3681,6.6375,4.9058,2.4600
194404,-1.0591,-0.4294,-5.9523,-1.6900
194405,2.5279,6.2556,10.4241,5.0800
194406,1.0831,-4.7414,4.0017,5.5100
194407,1.8499,-1.7493,-2.7318,-1.4900
194408,-0.7505,7.6739,3.9972,1.5600
194409,-1.3239,-1.5319,-1.3728,0.0200
194410,1.5063,-3.8631,5.3347,0.1600
194411,2.1165,3.4062,6.8425,1.7100
194412,-0.8651,7.9567,18.7052,4.0400
194501,2.0009,1.8958,-7.6189,2.0100
194502,5.4298,10.4278,10.8753,6.2300
194503,-1.2248,-7.1667,-7.0758,-3.9100
194504,6.1555,15.8236,10.1716,7.8000
194505,2.8979,-0.3222,3.3659,1.7400
194506,-2.1542,4.2902,-4.4482,0.3900
194507,-0.2146,-5.5963,-3.6805,-2.1700
194508,2.5099,3.0465,9.6822,6.2200
194509,4.8288,5.6013,3.6021,4.7700
194510,10.0995,5.8716,-1.5696,3.8900
194511,7.4620,8.6301,2.4345,5.4000
194512,3.7953,5.0484,3.7158,1.1900
194601,-1.6592,15.8888,1.8430,6.2400
194602,-4.2147,-7.4037,-3.8979,-5.8400
194603,9.6509,5.5233,13.0338,5.8800
194604,7.0290,4.1866,9.6583,4.2300
194605,3.7030,2.0823,-2.9662,3.9400
194606,-4.9198,-3.7211,-2.0441,-3.8900
194607,1.0669,-0.8673,-2.5063,-2.6900
194608,-3.4980,-5.0005,-7.6724,-6.4600
194609,-8.1209,-8.3271,-9.0077,-10.1800
194610,-0.3874,-0.4177,-5.2146,-1.4400
194611,-2.0342,3.2911,3.9520,-0.0200
194612,0.8293,7.2462,0.9300,4.9700
194701,1.7298,-3.7421,4.6444,1.2500
194702,-1.4766,-2.9914,4.2240,-1.0900
194703,0.3849,3.5218,-1.2337,-1.6800
194704,-6.6949,-0.4122,-6.2733,-4.8000
194705,2.7272,5.0785,-3.3162,-0.9600
194706,7.2429,3.8483,1.0251,5.3000
194707,1.2847,3.5797,1.4937,4.1300
194708,-4.5807,0.0425,-0.1679,-1.7400
194709,0.5578,-4.3127,2.7705,-0.5400
194710,-3.6673,5.3946,-0.4803,2.4700
194711,0.1729,2.4035,4.9784,-1.9900
194712,2.7031,7.3312,7.2264,3.0100
194801,-3.5510,-4.9812,-1.6250,-3.9300
194802,-4.2672,-0.0609,-6.1861,-4.3800
194803,3.0526,8.0629,9.2801,8.1100
194804,0.2871,7.8789,1.3026,3.6500
194805,6.0457,7.1010,1.3118,7.3200
194806,-2.6937,6.3115,3.6121,-0.1100
194807,-2.1629,-7.4210,-3.2449,-5.0800
194808,1.1448,-1.2843,7.4077,0.2400
194809,-1.9097,-1.1190,-5.8316,-2.9900
194810,4.6745,6.5247,9.1312,5.9600
194811,-4.2491,-3.7658,-2.6859,-9.3400
194812,4.4147,8.5688,4.3643,3.2600
194901,2.0285,-4.1645,-2.4483,0.2300
194902,3.0390,-0.3204,-3.2766,-2.9300
194903,3.2491,1.4861,-0.4998,4.0500
194904,2.0449,-0.5184,-6.4339,-1.8700
194905,-0.2452,-0.3930,5.4876,-2.9800
194906,2.9074,-0.6160,2.9807,0.1000
194907,3.4375,5.4176,3.9563,5.5400
194908,2.2462,3.1662,-0.6008,2.5900
194909,2.6660,1.8183,1.6500,3.0900
194910,0.4497,4.8950,0.1992,3.1400
194911,1.7244,3.5396,6.9937,1.8100
194912,4.1225,0.2691,9.0844,5.1400
195001,0.5352,-0.8972,-4.8735,1.7000
195002,0.4625,2.9816,-4.7941,1.4800
195003,0.5664,6.6733,-0.3131,1.2600
195004,1.5611,0.2689,8.6598,3.9400
195005,0.8212,3.4740,9.6932,4.3200
195006,-2.3597,-6.1895,-7.5869,-5.9600
195007,1.6747,2.0511,-1.2157,1.3700
195008,-0.2038,6.1128,11.2950,4.8600
195009,3.4468,2.7220,2.0582,4.8200
195010,-0.1635,2.1413,3.5044,-0.1900
195011,2.2185,4.6506,7.2015,2.7400
195012,3.5795,14.3807,9.1831,5.5700
195101,0.6818,5.2753,10.1549,5.7000
195102,1.7125,-0.7537,4.3031,1.4000
195103,-2.4388,-5.5226,-7.6863,-2.1600
195104,3.8703,8.0710,10.7806,4.8600
195105,-1.9446,-4.2033,-5.2264,-2.3600
195106,0.0916,-4.5920,0.7959,-2.6300
195107,4.4288,11.1904,8.0024,6.9500
195108,2.3419,1.5851,-2.6797,4.2900
195109,-1.0618,1.6753,0.8048,0.7000
195110,-0.8303,1.0686,-5.3389,-2.5300
195111,-0.2645,1.4158,-0.0331,0.5800
195112,3.6235,5.8922,3.1107,3.3300
195201,2.5210,0.8151,-3.7765,1.4500
195202,-2.1972,-2.5518,-1.3044,-2.6400
195203,2.1247,5.6709,0.8609,4.4400
195204,-3.0309,-3.8050,-2.5799,-4.9700
195205,3.0795,3.6253,6.1772,3.2000
195206,4.7566,6.2278,3.1158,3.8400
195207,-1.5756,-0.6176,-4.3814,0.9100
195208,1.1623,0.9791,5.7232,-0.7700
195209,-3.3174,0.9480,1.5237,-2.0400
195210,3.5113,-0.6014,-2.3949,-0.6600
195211,4.2094,4.3607,3.0123,5.9600
195212,0.6682,7.0439,3.6567,2.9300
195301,-0.1761,-1.0168,0.8895,-0.3400
195302,3.8848,-1.1484,-1.6907,-0.2700
195303,-3.0171,-2.9869,4.1863,-1.4400
195304,-0.1538,0.9640,3.3539,-2.8300
195305,0.8941,2.8497,-1.6901,0.5100
195306,0.9098,-1.3619,-0.7895,-1.8900
195307,2.9968,2.5081,5.8662,2.4000
195308,-3.4971,-4.6100,1.6020,-4.5600
195309,2.3739,2.1986,-3.4068,0.2100
195310,-0.6225,6.5683,5.1969,4.6000
195311,-1.8623,4.1391,-1.0296,2.8400
195312,-2.4577,4.1867,0.0298,0.0200
195401,4.8946,4.8751,3.6301,5.1300
195402,0.3852,2.9076,3.5302,1.6700
195403,3.9628,4.7862,3.8381,3.6600
195404,0.2322,15.4523,0.3249,4.2700
195405,3.8849,-3.2602,-0.1959,3.1000
195406,-5.3595,5.7256,5.7271,1.0800
195407,8.5586,3.4915,15.7557,5.0000
195408,-0.5739,-4.9486,4.2465,-2.3500
195409,6.6264,3.8430,9.1510,6.4000
195410,-2.5571,-1.2204,-2.7224,-1.6700
195411,6.8213,9.0385,1.8145,9.4100
195412,6.0260,0.9314,10.5933,5.4900
195501,2.9046,3.8380,1.8383,0.6000
195502,-1.2162,3.9486,6.3258,3.0200
195503,3.0350,-0.0008,-0.8945,-0.1500
195504,1.0306,3.1978,4.6855,3.1100
195505,0.8689,4.1618,6.2696,0.9400
195506,0.3987,10.0333,1.9323,6.5500
195507,5.6787,-0.0781,1.1215,1.8900
195508,-1.4395,3.2021,-6.4176,0.2200
195509,3.0706,5.1854,-0.2858,-0.3700
195510,-1.4055,-5.6372,7.2638,-2.6700
195511,7.7603,9.2954,1.9281,7.0400
195512,3.9768,-0.8131,6.1965,1.4900
195601,-2.5571,-3.6313,-5.4892,-3.0300
195602,0.6639,3.3316,3.9687,3.7800
195603,2.4070,11.3954,13.6295,6.6400
195604,3.8233,1.9769,2.0004,0.2800
195605,-2.0705,-1.5487,-2.8252,-5.2200
195606,4.8272,2.9775,8.3771,3.4700
195607,4.0385,9.1253,7.5202,4.8400
195608,-2.0728,-4.8745,1.0830,-3.1900
195609,-6.8598,-8.3531,4.5657,-5.1400
195610,4.0469,0.4338,3.6344,0.5200
195611,1.9744,4.6752,-0.2948,0.3500
195612,2.7833,7.9018,5.3277,3.1600
195701,2.6845,-5.8042,3.1981,-3.5700
195702,-2.0258,2.5518,-0.7580,-2.0700
195703,2.1833,3.0771,9.1604,2.1300
195704,4.3964,8.0647,7.8179,4.2600
195705,3.2329,6.6913,0.9632,3.4600
195706,0.3669,1.3025,3.4218,-0.7500
195707,-0.2981,2.0553,-2.6507,0.6600
195708,1.2478,-3.1584,-4.6803,-5.1200
195709,-1.5286,-3.4482,-5.3451,-5.9900
195710,2.8096,0.2413,-4.4654,-4.3200
195711,6.1361,-0.3783,2.3723,2.3100
195712,-1.6689,1.3903,3.6558,-3.9000
195801,3.3946,-4.6171,4.0324,4.6500
195802,0.3997,2.4979,2.9151,-1.5300
195803,6.7948,3.1425,2.2351,3.2700
195804,6.2221,3.8689,-0.8098,3.0900
195805,1.8532,0.4086,-1.0662,2.3200
195806,3.7163,2.2927,7.0349,2.9300
195807,-0.8311,-2.0675,8.4676,4.3900
195808,-1.2349,1.9378,7.4673,1.9000
195809,8.5155,2.2049,5.6894,4.6600
195810,0.4256,3.3801,-6.4244,2.5300
195811,4.7737,7.3299,-11.5948,3.0100
195812,6.2911,3.2936,13.0913,5.1600
195901,3.6537,1.8764,1.9426,0.7100
195902,0.6659,4.5882,3.9034,0.9500
195903,3.6307,3.8427,4.4983,0.2800
195904,5.3919,9.7599,11.0270,3.6600
195905,-2.7866,3.1647,5.2363,1.7300
195906,0.6488,6.3735,1.0539,-0.2400
195907,2.3810,-0.5105,3.7365,3.1800
195908,-3.9031,0.1575,-1.2892,-1.3800
195909,-3.2987,-4.0838,3.4340,-4.8100
195910,2.2077,9.1465,0.7594,1.2800
195911,3.9716,5.0066,1.9757,1.6000
195912,1.0988,2.5561,-0.6467,2.4600
196001,-5.8679,-7.5515,-0.4427,-6.9800
196002,0.0059,6.8592,9.1386,1.1600
196003,-0.4193,-0.5849,7.0657,-1.6300
196004,2.7454,2.1842,-6.8868,-1.7100
196005,4.4593,5.8583,20.0380,3.1200
196006,-1.5696,6.2913,-2.5767,2.0800
196007,4.6568,-2.6143,0.5659,-2.3700
196008,5.0922,0.3774,-4.9036,3.0000
196009,-3.3842,-7.5394,-0.3230,-6.0000
196010,-0.1374,1.4957,7.7559,-0.7100
196011,4.4928,10.3842,10.4871,4.6900
196012,3.4433,3.3027,3.5767,4.7300
196101,4.0776,3.9387,-1.8492,6.2000
196102,2.4606,0.6227,1.9334,3.5700
196103,0.9435,-0.4381,6.4182,2.8900
196104,4.7958,6.3329,4.5243,0.2900
196105,2.7139,-2.8204,7.3883,2.4000
196106,-0.4112,-1.3903,2.1785,-3.0800
196107,4.0458,3.8706,3.6828,2.8300
196108,4.1251,4.6021,-1.2780,2.5700
196109,-2.1919,-4.9054,7.6088,-2.1500
196110,8.9750,3.5922,-5.8809,2.5800
196111,6.7342,7.5708,7.1970,4.4500
196112,-1.7731,-5.2548,0.5491,-0.1700
196201,-2.4072,-2.1543,0.6108,-3.8700
196202,0.5598,4.8610,-0.3648,1.8100
196203,-3.6623,-2.5768,0.3736,-0.6800
196204,-10.1368,-3.5176,-8.3176,-6.5900
196205,-8.5719,-8.3447,-10.2132,-8.6600
196206,-3.2564,-4.2834,-14.6786,-8.5000
196207,5.5552,3.8783,7.0310,6.2700
196208,-1.3052,-1.3717,-2.6238,2.1300
196209,-5.3930,-2.1977,-0.8446,-5.2200
196210,-2.9730,-0.1063,4.5257,-0.0500
196211,7.2756,4.5941,8.8390,10.8900
196212,1.4606,4.2721,3.7937,1.0100
196301,1.8375,3.9332,4.8157,4.9400
196302,-4.4714,-0.7361,4.0401,-2.4000
196303,4.5101,4.8767,6.0667,3.0800
196304,3.0045,6.6003,9.6798,4.5100
196305,0.1808,2.5451,11.5479,1.7600
196306,-4.4850,-2.2688,-8.3649,-2.0000
196307,-1.8502,1.7175,0.9289,-0.3900
196308,3.7724,7.0844,5.3396,5.0800
196309,-2.7527,0.3473,-1.6093,-1.5700
196310,5.7447,2.8999,7.7778,2.5400
196311,-3.3427,-1.0157,4.6906,-0.8600
196312,4.1468,4.4996,-0.0561,1.8300
196401,2.9325,3.2051,6.8664,2.2400
196402,0.5947,3.2705,4.4025,1.5500
196403,5.0082,3.5365,10.1275,1.4100
196404,4.3676,0.8392,-3.7575,0.1000
196405,2.3845,4.2494,-0.6119,1.4100
196406,2.4739,1.7055,0.9120,1.2700
196407,4.1630,1.9375,6.5726,1.7400
196408,3.6088,0.0376,0.8330,-1.4400
196409,-0.3457,3.2649,0.5712,2.6900
196410,1.9381,-0.6563,5.2221,0.6000
196411,1.5375,2.8776,5.2509,-0.0100
196412,0.6231,-0.9069,-0.1162,0.0400
196501,4.6086,0.9098,7.2602,3.5400
196502,-1.6536,-0.1525,7.0365,0.4400
196503,-3.6035,-0.2181,-1.2956,-1.3400
196504,5.6099,4.3279,10.9260,3.1100
196505,-1.7518,1.2494,-1.6170,-0.7800
196506,-1.5302,-10.3627,-7.2066,-5.5100
196507,-1.0092,6.4015,-0.6539,1.4400
196508,3.0046,3.3650,2.4745,2.7300
196509,-0.3246,6.3352,-0.0217,2.8600
196510,2.0683,5.9855,5.1596,2.6000
196511,-3.0290,6.2992,10.8467,-0.0300
196512,-2.5855,0.6016,-0.8484,1.0100
196601,-2.7193,6.9923,2.0818,0.7200
196602,-2.5814,7.3930,3.5951,-1.2100
196603,-4.4751,1.6452,-4.2881,-2.5100
196604,-2.9519,2.9994,7.5198,2.1300
196605,-0.7906,-11.1824,-6.1754,-5.6700
196606,-1.8293,2.2983,-2.8626,-1.4400
196607,0.0220,-2.4451,-1.0426,-1.6300
196608,-3.6916,-11.4477,-7.0078,-7.9400
196609,1.0094,-1.3809,-5.6905,-1.0600
196610,3.9856,0.3738,9.1691,3.8600
196611,-1.5653,8.2487,4.5805,1.3800
196612,-4.8813,-2.0097,-2.8926,0.1300
196701,8.3549,3.3890,15.6834,8.1500
196702,-2.3346,3.0923,5.8093,0.7700
196703,8.3427,7.9475,5.4475,3.9900
196704,8.9111,2.6198,6.3627,3.8900
196705,-6.7561,0.7869,-6.3337,-4.3200
196706,8.9803,4.2255,2.4453,2.4200
196707,2.6059,-0.3730,3.9044,4.5800
196708,-3.0335,-1.2131,3.2847,-0.9000
196709,1.7991,1.3520,3.2659,3.1000
196710,6.5166,0.0051,9.0571,-3.0800
196711,1.0845,-1.5871,-1.2233,0.3700
196712,2.2505,8.0187,-3.7724,3.0500
196801,-4.0329,-10.8013,4.6820,-4.0300
196802,1.5147,-7.3627,-1.9851,-3.7400
196803,0.8742,3.9503,4.2727,0.2100
196804,3.4648,13.9513,4.2111,9.0200
196805,-1.7864,9.2628,2.5944,2.2800
196806,3.4740,0.4548,2.9749,0.7000
196807,-0.6013,-3.1240,6.7423,-2.6900
196808,-2.3302,4.0107,4.6282,1.3500
196809,-1.4043,5.5441,-1.1862,4.0500
196810,-1.7068,-2.8556,-0.4473,0.4300
196811,3.7470,6.7476,6.5847,5.4300
196812,1.4496,-1.4459,-9.0615,-3.9300
196901,-0.6770,0.8766,0.3735,-1.2500
196902,-2.1467,-8.1603,-0.4619,-5.8600
196903,2.7591,9.0545,9.9140,2.6600
196904,0.3509,4.1099,0.3274,1.4600
196905,3.3367,5.9869,-0.3037,-0.0900
196906,0.0836,-4.6949,-2.6706,-7.1900
196907,-3.2941,-0.9747,1.7724,-7.0000
196908,5.7631,5.1980,4.5095,4.6900
196909,-0.6914,-2.4864,3.3419,-2.9700
196910,4.8715,0.0610,1.7821,5.0600
196911,2.4169,-0.3317,-1.7167,-3.8000
196912,0.4063,3.3141,-1.8094,-2.6300
197001,-7.2899,-10.7887,7.7772,-8.1000
197002,2.4435,6.0198,4.8821,5.1400
197003,0.3474,1.6410,4.6561,-1.0600
197004,-6.9406,-6.5036,1.9369,-10.9900
197005,2.2758,-0.3902,-16.1648,-6.9000
197006,3.3535,3.4928,0.3353,-5.8000
197007,1.6564,10.1688,-4.6498,6.9200
197008,2.6412,-1.9085,1.4077,4.5000
197009,3.1991,-8.7617,-0.1674,4.1800
197010,7.1060,7.3592,0.1195,-2.2700
197011,7.4464,10.5277,10.6023,4.6200
197012,-2.0964,6.8304,14.1515,5.7400
197101,1.1134,-4.6344,13.2933,4.8300
197102,3.0265,1.1192,-3.8230,1.4100
197103,6.4960,1.5070,7.1905,4.1200
197104,0.6235,2.3949,-0.7580,3.1500
197105,-3.6967,-2.9593,-0.9704,-3.9900
197106,2.2523,4.2107,-0.9995,-0.0900
197107,-1.1443,-4.6471,2.2805,-4.4900
197108,-3.2167,6.7317,7.1402,3.7900
197109,-2.6105,3.2630,-4.1319,-0.8600
197110,-5.3035,1.9933,-2.5171,-4.4200
197111,3.1562,3.2723,3.6989,-0.4600
197112,7.9933,6.3730,9.7906,8.7100
197201,2.8957,1.0630,4.5715,2.4700
197202,3.4235,1.2546,8.1394,2.8700
197203,-0.9996,-0.6607,-1.4835,0.6200
197204,-1.2984,1.3926,1.2093,0.2900
197205,5.6750,7.1308,3.8878,1.2900
197206,4.3497,3.1042,0.9903,-2.4300
197207,0.9300,3.3762,7.9144,-0.8000
197208,1.2797,1.0145,-2.6970,3.2700
197209,-0.6210,4.1052,-4.0981,-1.1400
197210,0.1915,5.6978,5.2468,0.5200
197211,5.5144,1.0982,3.1769,4.6000
197212,1.7825,6.6660,4.3023,0.6200
197301,4.5273,1.1613,3.1906,-3.2700
197302,-1.4199,-1.7667,9.3851,-4.8500
197303,-1.6383,1.6172,1.9542,-1.3000
197304,-5.3968,-1.6424,3.0778,-5.6800
197305,1.6557,4.1996,6.3357,-2.9700
197306,0.0036,4.3503,8.7338,-1.5700
197307,2.1957,-5.1082,-9.8911,5.0400
197308,-6.3404,0.0652,-10.5210,-3.8200
197309,-0.2789,4.7249,-8.8000,4.7400
197310,-0.7402,5.7694,12.6732,-0.8300
197311,-7.8103,-4.2572,-11.0935,-12.7800
197312,0.1578,8.4335,-9.4542,0.5900
197401,0.6328,-11.6377,11.4340,-0.1600
197402,-1.3319,3.1409,-3.4212,-0.4600
197403,-7.4998,-6.4403,7.9243,-2.8200
197404,-4.8275,0.9388,0.4058,-5.2800
197405,1.9814,-2.0289,-5.0136,-4.7000
197406,-1.1656,-0.0681,2.5578,-2.8400
197407,-12.4128,-1.6249,-3.5302,-8.0600
197408,-6.4349,-5.9770,-4.9895,-9.3900
197409,-15.2936,-8.8994,-10.6073,-11.7900
197410,18.8898,24.5186,11.0652,16.1100
197411,-3.1494,-7.1333,-12.3099,-4.5300
197412,0.3236,-4.7069,-4.6326,-3.4400
197501,6.3689,-4.6943,18.3582,13.6700
197502,7.1898,3.8692,6.1787,5.5600
197503,1.2186,-0.6180,-3.0113,2.6600
197504,0.6365,9.7759,-5.5655,4.2200
197505,12.0046,4.6847,6.2964,5.2000
197506,4.9382,3.2087,-1.4739,4.8700
197507,-8.8769,-2.2848,-2.4348,-6.6000
197508,-4.2154,-0.3143,-14.7664,-2.8400
197509,1.9280,-2.1731,-3.8675,-4.2600
197510,9.0010,5.9723,1.1994,5.3200
197511,3.7634,0.9278,9.6172,2.6500
197512,-3.9870,-2.2181,-5.7801,-1.6000
197601,5.1213,20.3470,28.0438,12.1500
197602,-4.3762,1.8601,13.6900,0.3100
197603,6.7885,3.4598,-5.2745,2.3200
197604,-2.7981,-0.0886,-2.1418,-1.4900
197605,-1.7376,-3.2325,-10.1205,-1.3400
197606,4.1946,3.2340,5.0499,4.0600
197607,-1.2278,-0.0493,3.6795,-1.0600
197608,5.1259,0.6056,0.6388,-0.5700
197609,5.6550,4.0829,-0.6040,2.0600
197610,-3.0499,-3.0842,2.1416,-2.4200
197611,-1.9931,2.8427,1.0406,0.3600
197612,1.1426,8.2109,6.9294,5.6500
197701,-6.8817,6.8086,0.6073,-4.0300
197702,0.2446,-1.8664,4.6279,-1.9400
197703,-3.9349,0.9064,-3.3063,-1.3500
197704,-2.6377,6.3473,-4.5078,0.1500
197705,0.1427,1.2785,2.0066,-1.4700
197706,7.4999,5.2548,2.5772,4.7200
197707,0.0935,-1.8148,2.6650,-1.6900
197708,3.0304,-6.4199,0.3965,-1.7600
197709,1.5796,3.9566,2.1122,-0.2700
197710,-4.9108,-4.0365,-1.2484,-4.3900
197711,3.8179,7.4274,7.0452,4.0000
197712,-3.3787,2.1351,-3.1259,0.2700
197801,-5.4892,-3.7054,1.2592,-6.0000
197802,0.7574,3.6744,3.2807,-1.3900
197803,-1.2522,2.7591,3.8059,2.8500
197804,6.5229,5.5976,7.8612,7.8700
197805,2.4607,5.8441,3.2862,1.7600
197806,0.5420,4.2892,1.5831,-1.6900
197807,4.3498,7.5140,3.8754,5.1200
197808,0.6314,7.3627,11.2683,3.7800
197809,0.3233,-5.9037,-3.5789,-1.4400
197810,-8.6837,-19.9678,-8.7201,-11.9000
197811,4.5394,7.9559,-6.2515,2.7100
197812,2.5892,3.4196,0.3429,0.8700
197901,-1.0719,0.5353,8.1050,4.2200
197902,-4.3683,-4.4686,-2.7067,-3.5600
197903,3.9683,4.4601,2.2892,5.6700
197904,-0.6677,-0.0222,3.4878,-0.0700
197905,-3.6076,-0.3412,0.4509,-2.2000
197906,5.1660,3.5378,0.7742,3.8400
197907,-1.5303,0.6815,0.9005,0.8300
197908,8.6380,3.5815,2.6665,5.5400
197909,-3.2844,4.6150,-7.5476,-0.8300
197910,-4.2278,-3.0058,-12.5789,-8.1000
197911,8.9190,11.8244,-8.1649,5.2200
197912,-1.8480,6.4902,-6.7858,1.7800
198001,4.2052,7.6663,-2.7474,5.5000
198002,-3.1890,1.5794,-14.8931,-1.2300
198003,-5.2612,-23.6483,0.7332,-12.9000
198004,3.3045,2.0124,-2.3025,3.9500
198005,3.4042,1.3007,7.2786,5.2600
198006,4.4316,4.0878,0.5481,2.9800
198007,5.4951,2.4316,3.9540,6.5100
198008,-1.2028,2.4017,-3.0134,1.7500
198009,-0.3524,4.7532,1.4523,2.1900
198010,-0.6463,4.6361,-3.5881,1.0400
198011,4.4997,15.8961,-4.1245,9.6000
198012,-1.0073,-6.8902,4.6604,-4.4600
198101,-5.6294,-9.5226,0.3419,-5.0600
198102,-0.7757,1.0264,4.0129,0.6100
198103,0.1881,0.4996,3.2185,3.6700
198104,-1.5003,-0.5225,-0.2805,-2.1600
198105,-0.4280,5.7906,-10.8468,0.1300
198106,-0.2444,-11.8635,11.5214,-2.3400
198107,1.2133,-7.3756,4.4438,-1.5500
198108,-8.2414,-5.7263,1.8004,-7.0200
198109,-1.0209,-4.9887,-1.2032,-7.1900
198110,4.0842,11.1786,1.1874,4.9200
198111,0.4751,4.5301,11.2070,3.4000
198112,-2.4459,-1.0036,-2.6102,-3.6300
198201,1.0685,-3.5803,1.5166,-3.2300
198202,-5.5618,-4.5634,2.0174,-5.8600
198203,1.9579,1.7513,-3.3472,-1.8200
198204,8.2007,2.5987,2.6807,3.2400
198205,-2.2883,1.1071,0.2211,-3.9300
198206,1.0220,4.6698,4.2920,-3.0800
198207,-1.0653,-1.2957,8.1682,-3.2000
198208,12.6364,11.3578,5.1516,11.2300
198209,2.0915,8.1629,11.2508,1.3100
198210,5.7042,9.1380,2.8075,11.3000
198211,-2.7499,11.3409,8.1496,4.6800
198212,3.2918,-4.7535,2.9454,0.5600
198301,2.3544,1.5906,-8.1973,3.5900
198302,-4.0837,9.5883,15.7595,2.5900
198303,6.0709,4.4291,13.9132,2.8100
198304,7.5342,10.7747,8.5717,6.6600
198305,-5.1533,-3.9063,0.1759,0.5100
198306,5.0638,2.0806,2.2534,3.0700
198307,-1.8121,-7.1137,6.9769,-4.0600
198308,1.6482,-0.1856,-4.4703,-0.5000
198309,4.4057,-2.1394,16.1024,0.9200
198310,0.8112,-7.7119,2.2011,-3.4300
198311,-4.1678,0.9179,4.5146,2.1700
198312,-1.7638,-5.0966,4.0678,-1.7700
198401,4.0754,-5.2261,2.0888,-1.9200
198402,-1.4989,-2.4505,1.2680,-4.7700
198403,-6.5960,4.1513,0.2365,0.6500
198404,2.1229,1.1642,3.0507,-0.5100
198405,-0.4606,-2.1539,-3.8383,-5.9800
198406,4.4637,2.4752,3.3265,1.8100
198407,-0.7971,0.3013,8.1445,-2.7200
198408,9.1247,8.0424,-2.9596,10.2700
198409,0.6769,2.2022,8.4271,-0.8000
198410,0.2683,2.4598,3.5480,-0.8400
198411,-2.8010,1.1725,5.9504,-1.7700
198412,-1.3671,3.3122,0.8711,1.8400
198501,2.6526,1.9922,-2.8620,7.9700
198502,4.9963,2.8794,-0.3322,1.2200
198503,3.2216,-1.2735,0.1849,-0.8300
198504,-4.2559,2.3813,1.9001,-0.9600
198505,3.5597,11.1690,0.7499,5.0700
198506,-1.1757,3.8368,7.0662,1.2700
198507,-4.7800,-1.6011,0.1123,-0.7200
198508,-0.4743,0.1473,-1.0373,-1.0100
198509,-3.5599,-0.4763,-0.2583,-4.5100
198510,2.4486,9.0768,2.1906,4.0000
198511,5.6594,7.4550,11.5075,6.4600
198512,4.3603,5.9042,4.3165,3.8800
198601,-1.5809,6.0420,5.9195,0.6500
198602,2.7197,10.0158,8.5143,7.1400
198603,7.3620,5.1883,9.8865,4.9100
198604,2.5230,1.6628,2.0683,-1.2800
198605,6.5723,3.6162,0.8091,4.6200
198606,6.1825,5.5740,8.3997,1.0600
198607,-0.0589,-2.3928,-7.9722,-6.4300
198608,5.0190,2.8146,-2.7015,6.0700
198609,-11.1595,-14.1152,-0.7641,-8.5900
198610,3.7694,9.8931,-3.1150,4.6400
198611,3.7253,1.0207,0.1562,1.1700
198612,-3.2989,-0.2785,-0.5987,-3.2600
198701,15.6387,13.4002,6.3566,12.4500
198702,3.9548,3.4582,8.7733,4.3800
198703,2.7247,3.8813,4.9087,1.6300
198704,0.7180,1.4157,-3.9945,-2.0900
198705,-4.1411,-1.1148,6.3741,0.1100
198706,2.9984,6.4683,9.8108,3.9100
198707,2.8797,6.1217,14.3868,3.8400
198708,11.6832,4.6707,3.7595,3.5200
198709,-3.1239,-1.6278,0.1069,-2.5800
198710,-18.7309,-19.9155,-23.4616,-23.1900
198711,-9.9627,-7.4883,1.8985,-7.7600
198712,4.4351,11.4315,8.0101,6.8200
198801,7.2962,0.1351,-2.5723,4.2100
198802,4.7087,4.3402,10.4637,4.7700
198803,0.1359,-2.8287,-1.3206,-2.2600
198804,1.0935,1.7815,-0.3001,0.5700
198805,-1.7571,2.4088,-2.2939,-0.2700
198806,0.0630,-1.1292,6.2553,4.7800
198807,1.1069,-0.2650,2.9946,-1.2500
198808,-3.3439,-2.9008,-0.8781,-3.3100
198809,5.0850,6.1689,1.6965,3.3100
198810,2.7866,2.3097,-0.9845,1.1600
198811,2.0024,-0.6377,-2.8532,-2.2700
198812,0.9432,0.7642,5.8510,1.4800
198901,2.0598,2.5766,5.2511,6.0700
198902,-2.3754,0.6631,0.9864,-2.2300
198903,4.0704,8.1573,0.4944,1.5700
198904,2.7492,7.7991,4.3253,4.3500
198905,5.9621,3.9309,2.0176,3.2800
198906,-3.5898,1.8405,4.7787,-1.3300
198907,9.4474,14.0963,0.3175,7.1800
198908,-1.6041,3.9688,3.7735,1.4300
198909,-0.3508,3.5170,-0.9865,-0.7600
198910,4.1635,0.7196,-3.0907,-3.6500
198911,3.8876,2.7868,1.6934,1.0400
198912,-0.2657,2.1193,-5.4089,1.1800
199001,-1.4500,-7.4553,-8.0977,-7.8000
199002,-0.2883,0.6410,1.5234,1.1200
199003,5.0664,2.3051,2.2261,1.8300
199004,0.4973,1.4542,1.8453,-3.3600
199005,7.9291,17.0546,2.0354,8.4300
199006,3.8865,0.4404,4.1722,-1.0900
199007,1.9886,2.1738,2.5274,-1.9000
199008,-5.3793,-5.2006,-0.3802,-10.1200
199009,-1.8144,-2.8911,2.9115,-6.1100
199010,5.5617,3.5205,-0.3239,-1.9200
199011,5.3754,0.9646,-3.0141,6.3500
199012,-0.4129,7.6618,3.8175,2.4600
199101,0.8493,6.9055,6.9728,4.6900
199102,8.6692,-4.5070,8.4639,7.1900
199103,5.0222,2.5887,-0.1171,2.6600
199104,-4.8261,-0.8984,0.4670,-0.2800
199105,3.5111,6.0404,4.1618,3.6600
199106,-3.5580,-6.3320,0.4609,-4.9400
199107,4.7214,7.6213,1.9777,4.2400
199108,3.6948,0.8435,2.4351,2.3200
199109,-0.2906,4.6052,-7.7708,-1.5900
199110,-1.6234,3.3752,-4.2526,1.2900
199111,-1.8530,0.2464,-1.2164,-4.2000
199112,7.4141,20.5055,11.4340,10.8500
199201,-3.9772,-3.3475,2.1702,-0.5900
199202,-2.0576,0.7697,7.7313,1.0800
199203,-3.0975,-0.2901,10.1560,-2.6500
199204,3.6384,1.4929,2.1888,1.0900
199205,2.0320,-1.2906,4.1548,0.3000
199206,-3.5533,0.8516,-1.8463,-2.3300
199207,2.9564,5.0622,8.1938,3.7800
199208,0.0855,-2.7371,6.6242,-2.3800
199209,-2.4874,4.3988,-0.0465,1.1900
199210,-3.6920,2.9076,-0.4536,1.0200
199211,-1.7761,4.7666,-0.5171,4.1400
199212,-0.4775,7.4234,2.1409,1.5300
199301,-5.5571,2.4554,9.6818,0.9300
199302,-1.9141,-1.1268,8.0568,0.1200
199303,3.3658,7.7363,5.8733,2.3200
199304,-7.2734,1.3503,-2.8287,-3.0500
199305,7.2007,4.2655,0.4813,2.8900
199306,-0.7055,3.1812,-2.5618,0.3000
199307,-2.0184,6.0346,0.0056,-0.3400
199308,0.1767,7.7346,4.8490,3.7200
199309,-0.9652,5.7833,-2.9331,-0.1200
199310,7.4520,-7.4627,3.0987,1.4200
199311,0.4119,-9.0350,7.4053,-1.8700
199312,1.0272,3.6967,2.9876,1.6500
199401,2.1740,0.4824,2.5217,2.8700
199402,-0.0112,-2.3702,5.1236,-2.5500
199403,-5.4889,-4.6956,-0.9358,-4.7900
199404,3.5884,3.6786,7.9382,0.6800
199405,-4.4954,-2.2594,7.2761,0.5800
199406,-2.1440,-3.8312,4.5085,-3.0400
199407,2.7678,1.2147,1.0133,2.8200
199408,7.6230,4.7823,-3.3681,4.0200
199409,0.2908,-1.1922,1.9844,-2.2800
199410,4.6538,4.8736,-3.1700,1.3500
199411,-0.0837,-5.8028,1.6921,-4.0300
199412,-1.7754,2.7732,6.1645,0.8600
199501,1.6213,0.2940,-2.3839,1.8000
199502,2.0790,5.1723,2.9538,3.6300
199503,7.6672,6.0237,1.4776,2.1900
199504,1.9501,2.5218,4.5013,2.1100
199505,4.2471,2.8035,-1.7087,2.9000
199506,2.0852,0.7666,-3.4565,2.7200
199507,1.2752,3.4215,0.3275,3.7100
199508,-0.5517,-0.1133,-2.2139,0.5500
199509,7.2402,6.9502,1.1451,3.3600
199510,1.5833,4.3906,7.0739,-1.5100
199511,1.0253,2.7775,2.5970,3.9600
199512,5.1958,2.0556,3.3337,1.0400
199601,2.6650,2.6070,2.4779,2.2600
199602,5.6710,-0.4417,5.2671,1.3300
199603,-5.2108,-1.4720,-2.7225,0.7400
199604,1.9160,-1.3875,-2.4407,2.0600
199605,6.0682,6.3138,3.9786,2.3600
199606,1.2391,2.1716,8.3835,-1.1300
199607,-3.1354,-4.7520,7.1181,-5.9600
199608,-3.5797,4.8440,0.2118,2.7700
199609,3.4972,5.7636,3.1618,5.0100
199610,1.0733,6.5734,7.4546,0.8700
199611,7.5132,-2.1123,12.2516,6.2500
199612,2.8548,-0.4838,2.2102,-1.7000
199701,4.7018,7.7392,-1.0805,4.9600
199702,4.5577,-1.3839,10.8015,-0.4800
199703,-6.2903,-0.7834,7.7578,-5.0200
199704,4.1324,12.0516,15.5523,4.0400
199705,7.3758,-3.2493,0.7611,6.7300
199706,2.1764,5.0494,11.3887,4.1000
199707,7.6934,14.5775,13.0651,7.3100
199708,-3.1151,-5.5591,-4.0252,-4.1000
199709,1.7287,6.9065,5.2788,5.3400
199710,-7.0385,-5.1163,2.8685,-3.8000
199711,5.3507,6.7521,5.6821,2.9900
199712,-4.4756,5.9806,6.5420,1.3300
199801,-1.8915,1.2663,-4.9109,0.1500
199802,8.5456,8.6567,9.4233,7.0300
199803,1.2324,4.8507,-4.5708,4.7600
199804,-5.6458,1.3799,-1.3218,0.7400
199805,1.8233,0.9589,-1.0182,-3.0700
199806,7.0294,11.7219,-4.1769,3.1900
199807,2.5335,3.5764,-3.0678,-2.4200
199808,-8.3733,-13.1449,-3.6223,-16.0500
199809,16.8598,5.0599,-3.5347,6.1900
199810,8.6259,-0.9904,0.5595,6.9800
199811,13.1801,9.5463,5.5206,6.0700
199812,5.2477,11.8225,8.7132,6.1500
199901,1.3762,6.3445,-2.5923,3.4800
199902,-10.2836,-1.2564,-11.1508,-4.0800
199903,3.2727,-1.5933,0.6861,3.4800
199904,-5.8666,-3.1203,0.1679,4.3400
199905,3.5202,-7.8308,3.3774,-2.4600
199906,8.0834,6.7325,8.0388,4.7700
199907,-0.3216,-2.7259,-6.9557,-3.4900
199908,7.8176,2.1360,1.7480,-1.3700
199909,-0.3662,-1.0435,0.4417,-2.7700
199910,-4.8215,15.9563,-2.3557,6.0900
199911,8.0982,5.1997,1.7182,3.4100
199912,-9.1862,16.8881,-8.3350,7.6600
200001,-6.0554,-0.4149,-6.4699,-4.7400
200002,1.3277,12.4189,-7.1270,2.4600
200003,10.2322,-0.0637,5.3692,5.2100
200004,-1.5079,-4.7793,11.7886,-6.3900
200005,4.1510,-9.1856,-2.1077,-4.3900
200006,1.4051,17.2186,-8.6989,4.6800
200007,-5.5670,-0.3821,5.6350,-2.4800
200008,0.9010,9.7201,9.0758,7.0300
200009,-0.9218,1.1334,-13.0939,-5.4400
200010,11.6990,6.2345,-2.2632,-2.7800
200011,-0.4327,-1.1167,-0.6039,-10.7000
200012,1.1542,17.4405,18.3168,1.1800
200101,4.8386,-24.9338,-2.5847,3.2500
200102,-2.9624,6.6238,2.5708,-10.0300
200103,-3.7595,6.5831,-0.7995,-7.2500
200104,8.3104,1.9497,11.4575,7.9300
200105,-2.6265,10.2096,-6.9121,0.6800
200106,-6.5585,-1.3210,1.1406,-1.9400
200107,-0.8759,0.9953,17.2693,-2.1300
200108,-2.8122,4.7284,17.8671,-6.4000
200109,-4.7197,6.7315,3.1740,-9.2400
200110,9.2935,-11.7964,-7.3800,2.4800
200111,3.6199,-8.3165,-4.1418,7.5300
200112,-0.5694,6.0731,5.2752,1.6100
200201,4.6559,-0.8167,17.2481,-1.4400
200202,-1.7955,14.4499,9.2754,-2.3000
200203,7.4890,0.9930,-2.6348,4.2400
200204,0.2689,5.7249,14.2757,-5.2100
200205,1.2089,3.2785,2.9037,-1.3600
200206,-18.2986,0.9794,12.6523,-7.2300
200207,-8.7366,-11.9830,2.3977,-8.1900
200208,2.4978,-1.7528,-12.4413,0.5000
200209,-15.9403,-0.4252,0.2037,-10.3400
200210,5.9791,-8.2094,-5.2994,7.8400
200211,7.1796,-12.7347,-12.2024,5.9600
200212,-0.7871,5.7346,5.2272,-5.7600
200301,-4.0845,-0.9484,4.0073,-2.5700
200302,-1.4290,-4.1965,5.2749,-1.8800
200303,-10.0549,3.8838,4.8322,1.0900
200304,1.8885,-1.2336,6.1069,8.1800
200305,21.5142,-5.7190,-2.3055,6.0500
200306,9.1380,1.5775,1.1945,1.4200
200307,0.2404,2.2321,4.4411,2.3300
200308,7.3718,1.1667,4.7338,2.3300
200309,-1.9843,-0.9035,2.2008,-1.2400
200310,7.7607,9.4238,10.2371,6.0800
200311,6.5489,3.4796,6.7924,1.3500
200312,4.8571,-3.6206,3.5607,4.2900
200401,-0.9044,2.7670,9.6601,2.1500
200402,1.4945,1.2319,7.9288,1.4000
200403,-2.3862,-1.8105,-1.0118,-1.3200
200404,1.1371,-10.7855,-2.2592,-1.8100
200405,-6.0012,3.0056,2.8198,1.1800
200406,2.1213,0.4585,4.8177,1.8500
200407,-4.3418,-6.8210,1.7906,-4.0400
200408,-2.5378,-1.7188,2.7802,0.0700
200409,-0.4598,3.5746,-0.0493,1.6000
200410,2.8095,-1.5209,3.1502,1.4200
200411,6.6585,8.3471,6.7034,4.5300
200412,3.3121,-0.7475,-2.7371,3.4200
200501,-1.4501,0.9396,3.8070,-2.7500
200502,5.6275,1.9893,7.1221,1.8800
200503,0.1199,-1.1022,-0.3159,-1.9400
200504,-2.5144,-3.5630,-5.2012,-2.6100
200505,9.3369,4.3947,2.5799,3.6500
200506,2.1081,3.7911,5.4190,0.5800
200507,4.3281,1.1252,8.0317,3.9200
200508,2.4911,0.7872,-1.4907,-1.2000
200509,2.8494,4.3478,1.0485,0.4800
200510,-4.2748,0.7169,1.8989,-2.0400
200511,-2.8323,4.5913,3.6443,3.6100
200512,0.9358,1.2893,-2.9619,-0.2400
200601,2.0745,2.1491,4.5933,3.0300
200602,-1.2711,-2.3726,-5.0518,-0.3000
200603,-1.7754,2.7191,9.3110,1.4700
200604,2.7616,1.3700,1.3805,0.7300
200605,-1.2561,-7.8721,-2.0524,-3.5600
200606,1.1472,-0.8429,5.1639,-0.3500
200607,5.7298,-0.2815,-1.8883,-0.7700
200608,2.9960,-3.8888,4.0340,2.0300
200609,-2.3098,2.2615,3.8863,1.8400
200610,0.7493,4.6106,-0.0577,3.2200
200611,1.2034,-1.5624,0.8901,1.7000
200612,-0.3224,2.8737,4.0495,0.8500
200701,0.7489,1.3673,4.3437,1.3800
200702,-1.4520,-3.8495,-3.1719,-1.9600
200703,4.7081,2.3179,-0.7141,0.7100
200704,7.1026,2.3482,3.9167,3.4900
200705,2.5767,4.9776,5.2271,3.2300
200706,2.5027,-0.5540,-0.9486,-1.9600
200707,-0.1419,-0.6099,-5.0108,-3.7200
200708,4.5173,3.8857,-0.4334,0.9400
200709,5.3851,7.1941,-0.9836,3.2200
200710,3.9798,9.9064,2.0335,1.7900
200711,1.1466,0.9762,-6.9051,-4.8000
200712,0.8665,6.2699,-1.0458,-0.8700
200801,-8.7283,-15.7135,-1.3849,-6.3300
200802,2.0300,7.0552,6.5392,-3.0900
200803,-2.0857,7.2852,10.2176,-0.9400
200804,8.0678,6.5782,6.3480,4.6100
200805,6.3295,8.1709,6.4347,1.8700
200806,-2.0744,3.6548,9.3139,-8.4300
200807,-2.7720,-5.0029,0.4234,-0.7500
200808,2.7080,2.8477,16.1501,1.5300
200809,-8.1273,2.4608,7.3703,-9.3500
200810,-6.4968,-7.5542,6.8002,-17.2000
200811,2.4292,2.7492,1.1335,-7.7400
200812,1.9345,1.3461,4.8490,1.7700
200901,8.2358,-15.7012,-6.4616,-8.0900
200902,2.7128,5.6640,-6.0454,-10.1400
200903,7.4568,-22.5582,2.1100,9.0100
200904,-9.3554,-15.2268,11.7515,10.1700
200905,8.5556,-7.8704,-2.8324,5.2100
200906,4.2581,7.1196,-7.3218,0.4200
200907,3.2287,4.9320,19.3241,7.7400
200908,-2.3964,-17.7595,1.3632,3.3300
200909,5.1582,0.9614,3.3867,4.0800
200910,6.7539,5.6801,-3.4027,-2.5300
200911,5.5958,7.1241,5.0046,5.6300
200912,-0.6718,5.5089,9.8549,2.8000
201001,-8.7807,-8.8950,6.5427,-3.3500
201002,5.6399,7.6424,4.6996,3.3900
201003,4.9138,8.5360,6.9010,6.3000
201004,-0.0085,6.4386,18.4138,1.9900
201005,-7.1789,-8.2872,-13.2444,-7.9000
201006,1.4926,-7.3170,-8.1383,-5.5600
201007,11.7572,8.7995,9.5208,6.9200
201008,0.7931,-5.5915,-4.0609,-4.7800
201009,11.5887,10.8133,12.5684,9.5500
201010,6.0591,5.0017,1.6702,3.8700
201011,2.3123,6.1093,2.6945,0.5900
201012,1.2510,-1.2967,4.7200,6.8200
201101,-3.0359,-0.5270,-0.2495,1.9800
201102,5.2678,5.6794,8.8285,3.4800
201103,5.2461,4.6282,1.9156,0.4500
201104,6.0908,6.6108,6.5674,2.9000
201105,1.3959,-0.4645,-2.9578,-1.2700
201106,-1.4542,3.2990,1.9595,-1.7400
201107,2.4934,-2.2924,5.4734,-2.3500
201108,-0.2447,0.3307,-11.1795,-5.9600
201109,-0.3075,-9.6009,-10.9002,-7.5800
201110,7.7178,11.6928,12.9779,11.3300
201111,3.9687,4.7957,1.3978,-0.2700
201112,0.8682,1.2347,2.1418,0.7500
201201,0.7677,-5.8649,8.2206,5.0500
201202,7.9993,2.4076,1.1029,4.4200
201203,1.5567,3.3121,9.0331,3.1200
201204,1.7376,3.2351,1.6773,-0.8500
201205,-2.5685,-0.2222,-9.2784,-6.1700
201206,1.8260,1.9887,-3.9304,3.8900
201207,4.0982,2.7961,0.0210,0.7900
201208,0.9002,7.3226,6.5112,2.5400
201209,-1.0845,1.5998,-0.1179,2.7300
201210,-5.6985,-2.4389,2.7255,-1.7600
201211,2.6223,4.0701,3.8825,0.7800
201212,-5.9169,-0.8724,4.6735,1.1800
201301,0.0549,4.3947,2.0596,5.5700
201302,2.5531,3.0980,2.5283,1.2800
201303,4.0526,2.5207,-1.0714,4.0400
201304,4.6944,1.6989,3.2040,1.5600
201305,-1.9956,2.8857,5.4339,2.8000
201306,-0.7875,2.2725,-2.9858,-1.2000
201307,3.2005,1.5625,11.1924,5.6500
201308,-1.2317,-7.4853,-3.8238,-2.7100
201309,1.0936,9.0399,6.5145,3.7700
201310,2.2842,4.7812,10.2425,4.1700
201311,-0.9411,3.2948,1.1215,3.1100
201312,-0.0621,2.3591,1.3485,2.8100
201401,-3.0670,-0.1548,-14.5411,-3.3200
201402,5.9859,4.1751,3.2936,4.6600
201403,0.4693,-3.4963,3.4976,0.4300
201404,4.8965,-1.3823,6.1577,-0.1800
201405,4.9867,3.9100,4.1216,2.0500
201406,2.0776,0.7769,-3.1617,2.6000
201407,-3.3239,0.8130,1.8258,-2.0300
201408,3.8065,4.4921,4.6676,4.2400
201409,-2.0338,2.9157,-2.7827,-1.9600
201410,0.9599,2.6485,9.3264,2.5100
201411,4.1821,5.5687,0.4299,2.5600
201412,-2.2035,-1.1718,-1.7640,-0.0500
201501,4.7390,2.7537,-4.5660,-3.1000
201502,6.9390,3.0566,8.8189,6.1300
201503,-5.1769,2.3409,0.9813,-1.1100
201504,5.1688,-8.3257,-0.5568,0.5900
201505,2.3398,10.8048,-1.4830,1.3700
201506,-3.6997,2.0054,0.0456,-1.5200
201507,3.6126,19.2101,-5.0907,1.5700
201508,-3.9938,-9.5311,7.5169,-6.0200
201509,1.8609,7.3891,4.8823,-3.0600
201510,8.5999,4.2372,7.9724,7.7500
201511,-1.9063,5.2066,-2.6663,0.5700
201512,-2.1051,-0.2873,-7.8272,-2.1500
201601,0.7757,2.1085,7.6303,-5.7400
201602,-1.4972,-3.1464,6.2426,-0.0600
201603,4.1838,5.0184,6.4466,6.9500
201604,1.7459,-15.4377,-1.5109,0.9200
201605,3.7350,6.4330,-2.9383,1.7800
201606,4.7895,-2.5608,5.4116,-0.0300
201607,-0.2309,2.5553,5.3605,3.9400
201608,-1.7018,-3.4617,3.0875,0.4900
201609,3.1812,-0.3085,-2.8002,0.2700
201610,0.9048,3.4014,4.6488,-2.0100
201611,-8.7810,5.2209,11.3390,4.8600
201612,3.8102,2.2743,8.6915,1.8100
201701,3.9698,2.6309,-2.6009,1.9400
201702,3.4533,2.4865,-7.5556,3.5500
201703,3.7814,3.2950,-3.9525,0.1700
201704,4.1487,1.4399,1.4764,1.0800
201705,7.4186,7.7815,-0.8486,1.0700
201706,-4.3764,-1.9691,-9.2024,0.7900
201707,2.3927,2.2145,4.6903,1.8800
201708,2.3782,1.3601,-4.6604,0.1800
201709,-1.0105,0.5474,12.1150,2.4900
201710,4.3999,4.5222,6.0482,2.2600
201711,1.8315,-3.8482,3.0788,3.1200
201712,0.3832,1.3982,-3.7468,1.0600
201801,6.0508,15.2157,3.6059,5.5800
201802,-3.6891,-3.4846,0.7444,-3.6400
201803,-2.5564,-3.8190,1.5815,-2.3500
201804,-4.9564,-1.2573,0.1679,0.2700
201805,2.1707,5.8996,-0.5274,2.6600
201806,3.2765,-2.3149,-1.6411,0.4900
201807,4.1619,1.4952,3.2333,3.2000
201808,0.8771,10.2191,4.9771,3.4500
201809,5.5000,0.1097,-2.9448,0.0600
201810,0.8377,-11.8648,-1.8442,-7.6500
201811,-3.4270,4.9860,-6.0329,1.7100
201812,-8.9995,-7.9162,-7.0856,-9.5500
201901,2.8183,3.5024,11.3116,8.3700
201902,6.8996,-0.3364,5.6441,3.4200
201903,8.5222,-2.2853,-6.3360,1.1000
201904,-1.2572,2.6178,6.2881,3.9700
201905,-8.0925,0.4148,-10.4588,-6.9200
201906,4.8357,3.8773,1.9646,6.9900
201907,0.2383,6.6250,4.2896,1.2300
201908,-0.7004,5.7274,-7.6669,-2.5500
201909,0.0164,-3.5538,12.9417,1.4100
201910,2.3945,7.9752,6.1463,2.0700
201911,3.7178,6.2814,-5.3666,3.8700
201912,6.3692,-3.9259,0.9908,2.7700
202001,2.2201,7.1113,-4.1990,-0.1100
202002,-6.7322,-4.0552,-12.3451,-8.1500
202003,-6.8869,0.8514,-23.3967,-13.3700
202004,19.2640,-14.9740,2.7487,13.6000
202005,0.0036,13.1658,-0.4898,5.5700
202006,5.0901,-9.0304,9.3665,2.4500
202007,7.1804,9.5182,12.2798,5.8300
202008,9.1993,12.1896,12.9943,7.6200
202009,-9.0027,-1.9789,-5.7428,-3.6400
202010,-6.2258,-0.0458,12.2138,-2.0800
202011,12.2757,-5.5877,9.9311,12.4500
202012,7.1216,5.7339,7.7371,4.6300
202101,4.0185,-6.4003,21.2023,-0.0700
202102,-5.4977,-15.1430,-1.1110,2.8100
202103,-1.6329,-5.5696,20.1057,3.1700
202104,2.7510,8.3007,2.5743,4.9500
202105,-3.7314,-2.5052,12.3262,0.3000
202106,10.4477,6.8206,-1.9076,2.7400
202107,-0.0636,2.5605,14.5428,1.3400
202108,1.5230,6.8493,1.0174,2.9400
202109,-1.1342,-4.3920,-0.5129,-4.4000
202110,4.2361,9.2257,6.5104,6.6300
202111,1.2463,6.2274,16.0271,-1.5800
202112,2.9807,-0.9151,11.3076,3.2300
202201,5.6325,-7.2106,2.0756,-6.1600
202202,-6.0817,1.0430,5.4274,-2.2800
202203,5.3544,5.7413,-1.6742,3.0800
202204,-4.5246,-1.0006,8.7192,-9.4100
202205,5.3108,9.6242,1.5960,-0.3400
202206,-4.2192,-9.4837,-11.3066,-8.4000
202207,5.6599,4.3036,7.5710,9.5700
202208,-2.5273,-2.4448,-17.2306,-3.7700
202209,-5.4160,-8.1647,-15.4547,-9.3400
202210,5.7811,13.7573,8.6353,7.8500
202211,-3.2796,5.4919,12.6974,4.6500
202212,-6.4588,-0.6139,-10.7102,-6.3800
202301,0.3369,-9.8497,10.3594,6.6100
202302,-3.7543,-15.2156,7.5739,-2.5700
202303,10.2109,8.0379,10.2751,2.4800
202304,-0.8959,8.5036,-6.7566,0.6200
202305,1.1405,5.5441,5.9516,0.3400
202306,2.3501,5.0620,15.1905,6.4600
202307,3.5856,-1.7040,11.6471,3.2100
202308,-4.9438,2.0903,0.1941,-2.3600
202309,-3.8759,-2.3132,-2.6416,-5.2300
202310,-6.5203,0.3317,3.5947,-3.1500
202311,3.7447,8.7521,7.1139,8.8800
202312,1.1846,-8.3274,12.7411,4.8500
202401,-6.3224,11.1529,-7.6811,0.7300
202402,1.7493,10.4106,-1.8190,5.0700
202403,4.4099,7.1052,4.6976,2.8400
202404,4.5034,-0.1263,-4.8557,-4.6500
202405,3.5913,8.9234,9.3290,4.3300
202406,6.0251,8.1225,8.6600,2.8000
202407,0.8019,-10.3939,6.7559,1.2200
202408,2.0359,8.0918,-11.3686,1.6000
202409,3.9839,2.6819,2.2745,1.7200
202410,0.9274,2.8965,-5.5528,-1.0000
202411,-1.2189,1.4880,8.0971,6.4900
202412,5.2304,-1.8525,-7.7605,-3.1700
202501,-0.8342,0.0366,-5.0870,2.8000
202502,2.3513,-7.3257,-2.5988,-2.4400
202503,-1.1999,-7.0292,-6.7967,-6.3900
202504,-3.0334,8.4468,-13.0609,-0.8400
202505,7.5590,5.5859,8.4050,6.0600
202506,2.8668,3.3411,0.8342,4.8600
202507,4.1917,6.4748,3.4934,1.9800
202508,-0.1061,-7.6699,4.6715,1.8400
202509,8.5968,4.9792,-1.6200,3.3900
202510,3.7237,6.1004,-1.3319,1.9600
202511,1.5589,2.0399,0.4769,-0.1300
202512,1.0408,-2.5338,-0.1739,-0.3600
202601,10.2066,6.3757,13.2804,1.0300
202602,2.2960,-1.4594,-4.7999,-1.1700
202603,-5.5685,-6.3130,-3.4028,-5.1800
202604,5.2171,27.4583,6.5348,9.9500
202605,6.1682,15.9622,11.8733,4.9100
202606,0.3467,10.6108,13.9842,-1.0700
