,T,a,a+b,b,t(b)
Small Growth,1200.0,0.825510310310311,-0.6299034825870653,-1.4554137928973763,-1.2953337173625648
Small Value,1200.0,1.6948175175175195,-0.3757313432835856,-2.070548860801105,-2.617435359270524
Big Growth,1200.0,0.9008228228228237,-0.34462835820895665,-1.2454511810317803,-2.213030134002394
Big Value,1200.0,1.2372833833833852,-0.1170706467661704,-1.3543540301495556,-1.5116602570617137
Small Losers,1194.0,0.7991055276381911,-0.26251256281406943,-1.0616180904522605,-1.168188004881566
Small Winners,1194.0,1.841145728643217,-0.22160804020099967,-2.0627537688442166,-2.983790345821578
Big Losers,1190.0,0.5834642497482379,-0.8318274111675135,-1.4152916609157513,-1.661235603594031
Big Winners,1194.0,1.2404723618090456,-0.39547738693467016,-1.6359497487437158,-2.7306943471836482
Small Value - Growth,1200.0,0.869307207207209,0.25417213930348215,-0.6151350679037269,-1.025886736458969
Big Value - Growth,1200.0,0.3364605605605608,0.22755771144278553,-0.10890284911777526,-0.13924593221562417
Small Winners - Losers,1194.0,1.0420402010050245,0.040904522613067984,-1.0011356783919565,-1.2891775767310563
Big Winners - Losers,1190.0,0.6396475327291037,0.3898477157360393,-0.24979981699306436,-0.40218438846959953
