industry,beta,se,R2,avg_exret
Util,0.516,0.0284,0.326,0.5383
Gold,0.5774,0.0866,0.0611,0.6273
Smoke,0.6303,0.046,0.2159,1.0605
Food,0.634,0.028,0.4295,0.598
Beer,0.704,0.0338,0.3887,0.6615
Drugs,0.7515,0.0301,0.4776,0.7266
Hshld,0.7545,0.0266,0.5405,0.4475
Soda,0.7754,0.044,0.3127,0.7485
Telcm,0.7806,0.0271,0.5482,0.4839
Guns,0.7844,0.0463,0.2965,0.9407
Agric,0.8358,0.0431,0.3554,0.6905
Oil,0.8369,0.0419,0.3693,0.6742
MedEq,0.8883,0.029,0.5797,0.6209
Insur,0.9192,0.0298,0.5822,0.6826
Paper,0.9403,0.0298,0.5939,0.4753
Boxes,0.9446,0.0314,0.5696,0.5812
Rtail,1.0048,0.0261,0.6848,0.7395
Meals,1.0153,0.0322,0.5935,0.6883
Whlsl,1.0361,0.0238,0.7354,0.6243
Chems,1.0427,0.0273,0.6811,0.5965
Rubbr,1.0627,0.0305,0.6396,0.6763
Other,1.0745,0.0358,0.5693,0.1891
Books,1.0775,0.0298,0.6577,0.4715
Banks,1.0802,0.0313,0.6363,0.6497
Trans,1.0854,0.0281,0.6861,0.605
PerSv,1.094,0.0371,0.5606,0.2935
Ships,1.0952,0.0445,0.47,0.7612
Hlth,1.1084,0.0518,0.4013,0.6368
Coal,1.1174,0.0828,0.2109,0.7526
Clths,1.1185,0.0371,0.5709,0.5729
Mines,1.1209,0.0483,0.4412,0.7335
Aero,1.1246,0.0377,0.5663,0.8472
BusSv,1.1368,0.0197,0.8303,0.5381
Txtls,1.1562,0.0483,0.4567,0.5215
Toys,1.1679,0.0417,0.5353,0.3623
FabPr,1.19,0.053,0.4254,0.4976
BldMt,1.1924,0.0292,0.7094,0.7262
Hardw,1.22,0.0386,0.5941,0.6964
Fin,1.2275,0.0244,0.7878,0.7896
RlEst,1.2301,0.0438,0.5363,0.3228
Mach,1.2306,0.0286,0.7309,0.7911
LabEq,1.2479,0.0326,0.6829,0.7388
ElcEq,1.2558,0.0296,0.7256,0.8334
Autos,1.2602,0.0497,0.4856,0.7415
Cnstr,1.3047,0.038,0.6339,0.7291
Fun,1.3381,0.0427,0.5903,0.9134
Steel,1.3382,0.044,0.576,0.5496
Chips,1.3828,0.0344,0.7031,0.918
Softw,1.5142,0.0615,0.4706,0.7134
