year,Agric,Food,Soda,Beer,Smoke,Toys,Fun,Books,Hshld,Clths,Hlth,MedEq,Drugs,Chems,Rubbr,Txtls,BldMt,Cnstr,Steel,FabPr,Mach,ElcEq,Autos,Aero,Ships,Guns,Gold,Mines,Coal,Oil,Util,Telcm,PerSv,BusSv,Hardw,Softw,Chips,LabEq,Paper,Boxes,Trans,Whlsl,Rtail,Meals,Banks,Insur,RlEst,Fin,Other
1926,0.77,0.63,,1.97,0.91,1.88,1.03,5.85,0.38,0.78,,0.77,0.74,0.96,,1.81,0.64,0.54,1.27,,0.89,0.49,0.6,0.57,0.85,,,0.85,1.26,0.83,0.76,0.87,,0.91,0.78,,0.52,0.39,,0.99,1.38,0.97,0.38,0.73,0.52,1.45,0.87,0.85,0.64
1927,0.63,0.59,,2.02,0.7,2.05,0.91,2.56,0.52,0.92,,0.49,0.6,0.61,,1.78,0.75,1.59,1.24,,0.85,0.6,0.56,0.68,0.87,,,0.81,1.32,0.98,0.87,0.83,,0.88,0.72,,0.69,0.34,,1.14,1.46,3.65,0.46,0.71,0.69,0.84,0.8,1.05,0.7
1928,0.54,0.45,,0.78,0.62,1.65,0.84,1.39,0.34,1.25,,0.3,0.36,0.43,,1.54,0.66,0.68,0.96,,0.66,0.45,0.38,0.25,0.7,,,0.49,1.12,0.99,0.67,0.71,0.4,0.57,0.43,,0.62,0.28,,0.82,1.29,0.58,0.37,0.6,0.54,0.4,0.81,0.81,0.59
1929,0.57,0.39,,0.69,0.62,1.74,0.5,0.95,0.25,1.18,,0.23,0.29,0.32,,1.02,0.39,0.53,0.73,,0.5,0.27,0.27,0.37,0.87,,,0.42,1.24,0.78,0.46,0.67,0.54,0.53,0.26,,0.5,0.26,,0.59,1.21,0.34,0.29,0.51,0.37,0.42,0.91,0.82,0.64
1930,0.74,0.48,,0.89,1.23,1.77,1.16,0.8,0.4,0.76,,0.13,0.45,0.39,0.79,1.74,0.68,0.44,0.89,,0.59,0.33,0.63,0.58,0.76,,,0.59,1.27,0.94,0.38,0.61,1.46,1.09,0.29,,0.7,0.34,1.04,0.62,1.25,1.7,0.5,0.92,0.77,0.63,1.27,1.89,1.59
1931,1.41,0.56,,1.83,1.47,2.2,1.3,0.39,0.44,0.99,,0.21,0.56,0.56,1.38,2.73,1.2,1.44,1.43,,0.85,0.57,0.79,1.47,1.78,,,1.13,2.21,1.38,0.54,0.79,6.85,0.74,0.47,,1.23,0.41,4.97,0.76,1.83,1.53,0.85,1.03,1.01,0.79,3.5,1.31,2.49
1932,2.78,0.82,,2.82,1.66,4.93,4.15,1.25,0.68,1.17,,0.32,0.6,0.92,2.24,3.61,2.32,2.28,4.29,,2.14,1.03,1.16,1.64,4.4,,,1.82,6.9,2.71,0.98,1.37,1.45,2.01,0.82,,2.76,0.69,5.16,1.28,4.87,6.95,1.03,2.19,1.77,1.13,4.86,3.05,2.59
1933,2.14,0.88,,1.58,1.65,5.87,5.58,2.01,0.8,1.49,,0.47,0.62,1.03,3.34,3.2,2.01,3.36,4.88,,2.56,1.29,1.54,0.91,3.31,,,1.59,6.72,2.24,1.03,1.38,2.97,2.43,0.95,,3.4,1.01,6.63,1.27,6.4,4.92,1.24,2.48,1.77,0.99,7.04,2.09,2.47
1934,0.89,0.66,,0.61,0.94,2.64,3.2,1.98,0.6,0.86,,0.56,0.35,0.41,1.34,1.6,0.88,3.25,2.13,,1.18,0.87,0.59,0.69,1.45,,,0.87,5.1,1.28,1.51,1.26,3.99,1.28,0.47,,1.14,0.7,1.94,0.7,3.71,2.87,0.8,2.59,0.86,0.84,2.1,2.27,1.06
1935,0.71,0.64,,0.84,0.66,3.31,1.53,1.65,0.53,0.8,,0.45,0.32,0.47,1.07,1.54,0.81,4.91,2.27,,0.97,0.82,0.66,0.62,1.52,,,1.01,4.76,1.32,1.93,1.34,2.55,1.5,0.51,,0.91,0.52,0.94,0.61,4.02,1.7,0.72,2.35,0.59,0.68,2.72,2.63,0.77
1936,0.8,0.64,,0.59,0.57,1.93,1.03,0.72,0.47,0.71,,0.47,0.47,0.35,0.85,1.1,0.52,2.16,1.5,,0.62,0.48,0.41,0.4,1.33,,,0.75,5.47,0.8,1.11,0.87,2.05,1.08,0.36,,0.45,0.38,0.19,0.54,3.26,1.21,0.63,1.95,0.57,0.76,1.47,1.36,0.6
1937,0.64,0.59,,0.66,0.59,1.07,0.77,0.79,0.4,0.7,,1.03,0.25,0.26,0.67,0.86,0.42,1.13,0.93,,0.4,0.35,0.38,0.35,0.75,,,0.54,4.34,0.78,0.98,0.77,0.89,0.71,0.33,,0.29,0.35,0.36,0.55,2.77,1.11,0.51,1.26,0.47,0.94,0.93,0.66,0.57
1938,0.94,0.81,,1.07,0.79,3.04,1.62,2.17,0.62,1.11,,1.24,0.33,0.43,1.34,1.89,0.82,3.42,1.62,,0.79,0.49,0.82,0.5,1.31,,,0.68,8.31,1.22,1.63,0.94,2.18,2.87,0.58,,0.55,0.38,0.17,0.96,5.18,2.18,0.94,2.22,0.95,1.04,2.48,1.16,1.06
1939,0.82,0.71,,0.98,0.53,1.58,1.44,2.06,0.48,0.97,,0.99,0.26,0.33,1.3,1.4,0.56,0.67,1.13,,0.68,0.42,0.5,0.31,1.16,,,0.61,7.97,1.16,1.19,0.9,1.72,1.95,0.44,,0.38,0.34,0.16,0.72,4.28,1.37,0.71,1.81,0.64,0.97,3.74,1.32,0.71
1940,0.64,0.7,,1.33,0.56,1.09,2.43,2.13,0.46,0.89,,1.08,0.26,0.32,1.3,1.43,0.73,1.02,1.27,,0.74,0.48,0.5,0.32,1.26,,,0.73,6.82,1.38,1.07,0.8,2.41,1.31,0.56,,0.64,0.42,0.27,0.74,4.13,1.22,0.69,2.46,0.7,0.9,9.57,1.39,0.99
1941,0.77,0.83,,1.45,0.65,1.15,2.4,2.49,0.54,1.07,,1.29,0.36,0.38,1.44,1.74,0.9,1.51,1.34,,0.82,0.57,0.6,0.46,1.35,,,0.8,6.87,1.62,1.36,0.84,2.49,1.66,0.66,,0.79,0.46,0.42,0.91,4.45,2.07,0.78,2.48,0.94,0.93,5.4,1.82,1.11
1942,0.74,0.94,,1.57,0.88,2.14,2.05,3.46,0.66,1.14,,1.31,0.41,0.44,1.9,2.24,1.19,1.7,1.71,,1.05,0.76,0.96,0.68,1.72,,,0.94,7.32,1.55,2.25,1.09,4.19,2.45,0.74,,1.08,0.47,0.65,1.4,5.03,1.51,1.0,4.06,1.64,0.8,5.84,2.62,1.35
1943,0.95,0.96,,1.44,0.84,2.27,1.74,2.62,0.67,1.08,,0.9,0.37,0.46,,1.79,1.04,1.5,1.98,,1.07,0.66,0.72,0.91,1.88,,,0.9,7.74,1.38,2.08,1.1,3.11,2.28,0.63,,0.73,0.45,0.6,1.31,4.1,2.3,0.91,2.55,1.17,0.78,5.98,2.94,1.18
1944,1.02,0.79,,0.86,0.77,1.81,1.25,1.58,0.57,0.9,,0.62,0.37,0.46,1.04,1.53,0.93,1.01,1.7,,0.86,0.55,0.62,1.33,1.36,,,0.85,5.96,1.18,1.52,0.85,1.43,1.47,0.52,,0.58,0.44,0.52,1.1,3.54,1.48,0.74,1.82,0.89,0.87,2.33,1.92,1.0
1945,0.63,0.68,,0.93,0.7,1.13,1.14,1.02,0.53,0.89,,0.9,0.36,0.44,0.87,1.1,0.76,0.73,1.49,,0.78,0.53,0.52,0.93,1.07,,,0.76,2.75,1.13,1.35,0.81,0.75,1.17,0.46,,0.5,0.44,0.5,0.92,2.69,1.4,0.64,1.32,0.82,0.99,0.91,1.43,0.85
1946,0.53,0.55,,0.33,0.54,0.83,0.68,0.67,0.45,0.63,,0.62,0.3,0.37,0.87,0.78,0.54,0.41,1.07,,0.62,0.63,0.44,0.74,0.82,,,0.55,1.39,0.95,0.97,0.69,0.52,0.8,0.32,,0.41,0.36,0.38,0.71,1.93,0.87,0.47,0.8,0.65,1.03,0.81,0.79,0.7
1947,0.45,0.64,,0.7,0.8,0.73,0.79,0.69,0.54,0.76,,0.71,0.32,0.39,0.83,0.93,0.6,0.57,1.21,,0.81,0.63,0.65,1.41,1.09,,,0.69,1.55,1.01,0.9,0.77,0.75,0.87,0.4,,0.44,0.4,0.73,0.76,2.72,0.91,0.58,0.98,0.72,1.05,0.62,1.07,0.8
1948,1.85,0.86,,1.06,0.66,1.05,1.24,0.93,0.6,0.81,,1.06,0.42,0.45,0.79,1.05,0.67,1.03,1.3,,0.81,0.68,0.67,1.65,1.11,,,0.79,1.23,0.96,1.08,0.95,0.86,1.15,0.41,,0.65,0.47,0.7,0.85,3.01,1.14,0.68,1.09,0.77,1.0,0.77,1.37,0.93
1949,0.53,0.89,,1.29,0.73,1.25,1.4,1.31,0.77,1.05,,1.05,0.52,0.5,1.1,1.41,0.88,0.83,1.38,,1.08,0.78,0.82,1.55,1.5,,,0.78,1.39,1.13,1.13,0.99,1.13,1.39,0.53,,0.76,0.55,1.0,1.04,3.32,1.4,0.79,1.46,0.8,0.88,0.99,1.33,1.06
1950,0.49,0.77,,1.09,0.71,1.11,1.06,1.25,0.65,0.94,,0.7,0.43,0.46,1.07,1.44,0.8,0.67,1.66,,1.12,0.79,0.79,1.45,1.66,,,0.69,1.56,1.21,0.86,0.98,0.93,1.2,0.44,,0.66,0.53,1.05,0.89,3.49,1.39,0.71,1.42,0.69,0.9,0.96,1.15,1.01
1951,0.59,0.89,,0.78,0.77,1.22,1.34,0.69,0.66,0.93,,0.57,0.43,0.4,1.01,1.22,0.85,0.71,1.22,,1.04,0.77,0.74,1.04,1.38,,,0.56,1.23,0.99,0.9,0.99,0.91,1.26,0.48,,0.62,0.52,0.93,0.78,2.61,1.36,0.74,1.44,0.93,0.98,0.98,0.7,1.11
1952,0.57,0.92,,0.78,0.84,1.07,0.96,0.83,0.71,1.07,,0.63,0.36,0.38,0.95,1.35,0.83,0.64,1.22,,1.01,0.69,0.69,1.09,1.39,,,0.53,1.3,0.8,0.74,0.97,0.98,1.28,0.45,,0.54,0.51,0.74,0.76,2.72,1.25,0.75,1.47,0.8,1.09,1.03,0.64,1.08
1953,0.65,0.91,,1.26,0.76,0.97,1.45,0.78,0.74,1.07,,0.75,0.48,0.4,1.09,1.52,0.84,0.62,1.24,,1.07,0.63,0.59,1.07,1.38,,,0.53,1.3,0.82,0.69,0.94,1.17,1.35,0.45,,0.5,0.58,0.92,0.74,2.36,1.46,0.81,1.39,0.68,1.05,0.96,0.61,1.13
1954,0.84,0.91,,1.29,0.85,1.0,1.58,0.76,0.8,1.19,,0.76,0.51,0.44,1.04,1.97,0.89,0.73,1.5,,1.21,0.64,0.74,1.11,1.66,,,0.67,1.84,0.95,0.64,0.96,0.96,1.39,0.48,,0.43,0.55,1.37,0.72,2.92,1.69,0.8,1.54,0.72,1.08,1.09,0.66,1.13
1955,0.66,0.75,,1.1,0.63,0.87,1.03,0.54,0.58,0.95,,0.65,0.43,0.33,0.83,1.39,0.61,0.84,0.89,,0.85,0.43,0.51,0.52,0.96,,,0.47,1.19,0.69,0.57,0.87,0.74,1.15,0.32,,0.3,0.39,0.73,0.51,1.97,1.27,0.63,0.93,0.53,1.11,0.93,0.6,0.87
1956,0.71,0.73,,1.2,0.56,0.89,1.16,0.51,0.59,0.89,,0.68,0.38,0.28,0.6,1.44,0.55,0.86,0.7,,0.77,0.38,0.53,0.49,0.79,,,0.43,0.99,0.61,0.56,0.86,0.76,1.14,0.29,,0.29,0.36,0.58,0.45,1.81,1.16,0.56,0.88,0.57,1.25,1.01,0.45,0.94
1957,0.83,0.84,,1.11,0.61,0.74,1.39,0.51,0.61,1.09,,0.78,0.38,0.33,1.21,1.82,0.59,0.89,0.65,,0.65,0.41,0.56,0.48,0.76,,,0.54,0.76,0.57,0.64,0.9,0.69,1.08,0.19,,0.32,0.34,0.71,0.5,1.99,1.06,0.7,1.03,0.66,1.51,0.96,0.45,1.03
1958,0.96,0.86,,1.18,0.56,0.77,1.61,0.51,0.67,1.28,,0.75,0.33,0.4,1.65,2.57,0.69,1.26,1.07,,1.01,0.49,0.76,0.57,0.93,,,0.78,1.11,0.74,0.66,0.93,0.49,1.18,0.23,,0.38,0.32,1.2,0.58,2.99,1.29,0.77,1.33,0.64,1.32,0.87,0.65,1.33
1959,0.64,0.67,,0.78,0.44,0.51,0.97,0.41,0.49,0.96,,0.51,0.21,0.33,1.35,1.55,0.53,0.67,0.67,,0.7,0.37,0.52,0.5,0.73,,,0.52,0.87,0.63,0.51,0.72,0.39,0.88,0.16,,0.3,0.23,0.87,0.44,1.96,0.97,0.5,0.78,0.52,1.03,0.65,0.53,0.88
1960,0.45,0.6,,0.74,0.55,0.31,0.8,0.39,0.44,0.83,,0.44,0.19,0.29,0.88,1.32,0.51,0.93,0.64,,0.66,0.3,0.49,0.51,0.8,,,0.58,0.85,0.74,0.57,0.67,0.34,0.67,0.14,,0.27,0.16,0.83,0.41,1.95,0.85,0.5,0.68,0.62,1.2,0.63,0.65,0.86
1961,0.42,0.47,,0.81,0.45,0.2,0.73,0.33,0.42,0.9,,0.39,0.2,0.39,0.92,1.78,0.53,0.83,0.87,,0.74,0.39,0.72,0.51,0.81,,,0.64,0.91,0.82,0.5,0.55,0.26,0.78,0.12,,0.34,0.17,1.22,0.46,2.16,0.76,0.54,0.71,0.51,1.18,0.64,0.67,0.74
1962,0.54,0.38,,0.67,0.31,0.24,0.55,0.26,0.32,0.53,,0.34,0.18,0.36,0.68,1.31,0.47,0.57,0.8,,0.64,0.35,0.54,0.56,0.69,,,0.57,0.69,0.73,0.45,0.49,0.25,0.73,0.1,,0.33,0.17,1.09,0.44,2.05,0.57,0.4,0.69,0.33,1.05,0.43,0.52,0.57
1963,0.92,0.55,0.3,0.71,0.56,0.49,0.7,0.36,0.28,0.72,,0.42,0.28,0.39,0.71,1.48,0.74,1.21,1.16,0.95,0.8,0.76,0.59,0.72,1.03,0.56,0.51,0.85,0.84,0.68,0.49,0.55,0.47,0.72,0.2,,0.52,0.54,0.75,0.43,2.14,0.8,0.54,0.78,0.5,1.04,0.53,0.51,1.12
1964,0.98,0.5,0.25,0.8,0.57,0.37,0.59,0.61,0.27,0.73,,0.4,0.24,0.36,0.68,1.12,0.68,0.51,0.97,0.92,0.7,0.66,0.5,0.84,0.92,0.66,0.43,0.63,0.63,0.62,0.48,0.49,0.44,0.69,0.17,,0.41,0.57,0.64,0.39,1.61,0.76,0.5,0.7,0.51,1.27,0.51,0.52,0.26
1965,0.85,0.49,0.23,0.67,0.58,0.43,0.67,0.39,0.23,0.64,,0.39,0.21,0.34,0.67,0.99,0.68,0.61,0.97,0.74,0.62,0.57,0.44,0.68,0.8,0.85,0.31,0.49,0.65,0.52,0.45,0.53,0.46,0.63,0.22,,0.4,0.46,0.64,0.43,1.45,0.71,0.4,0.65,0.85,0.72,0.57,0.66,0.87
1966,0.64,0.51,0.22,0.56,0.56,0.21,0.54,0.28,0.18,0.49,,0.33,0.17,0.35,0.62,0.7,0.61,0.41,0.84,0.63,0.52,0.43,0.45,0.45,0.71,0.66,0.39,0.46,0.63,0.54,0.48,0.61,0.35,0.46,0.19,,0.31,0.33,0.65,0.38,1.17,0.58,0.42,0.55,0.66,0.76,0.52,0.66,0.62
1967,0.7,0.62,0.24,0.74,0.73,0.32,0.59,0.25,0.21,0.69,,0.3,0.19,0.52,0.7,1.1,0.77,0.6,1.02,0.83,0.7,0.51,0.69,0.52,0.85,0.75,0.4,0.49,0.69,0.6,0.56,0.69,0.51,0.6,0.2,,0.34,0.37,0.8,0.43,1.25,0.66,0.58,0.67,0.76,0.63,0.78,0.8,0.83
1968,0.65,0.55,0.2,0.57,0.63,0.26,0.34,0.26,0.18,0.46,,0.21,0.19,0.46,0.28,0.81,0.55,0.31,0.88,0.63,0.51,0.34,0.55,0.39,0.85,0.76,0.29,0.38,0.5,0.55,0.6,0.76,0.19,0.34,0.13,,0.28,0.27,0.72,0.37,1.18,0.38,0.46,0.33,0.71,0.75,0.47,0.53,0.5
1969,0.75,0.45,0.19,0.49,0.56,0.27,0.26,0.31,0.21,0.41,0.19,0.21,0.2,0.46,0.33,0.67,0.45,0.36,0.85,0.66,0.48,0.36,0.55,0.48,0.6,0.61,0.23,0.47,0.46,0.51,0.59,0.74,0.16,0.35,0.16,,0.31,0.25,0.58,0.34,1.05,0.37,0.41,0.24,0.71,0.45,0.27,0.65,0.47
1970,0.81,0.54,0.19,0.5,0.56,0.4,0.28,0.38,0.22,0.64,0.17,0.17,0.2,0.65,0.63,0.99,0.59,0.63,1.17,1.02,0.64,0.48,0.7,0.88,0.93,1.16,0.35,0.59,0.51,0.73,0.75,0.86,0.22,0.35,0.16,0.18,0.4,0.3,0.64,0.44,1.71,0.49,0.45,0.3,0.68,0.62,0.37,0.85,0.73
1971,1.09,0.57,0.2,0.5,0.51,0.45,0.35,0.46,0.25,0.68,0.39,0.25,0.22,0.63,0.62,0.93,0.61,0.75,1.41,1.14,0.69,0.48,0.64,1.17,0.91,1.21,0.37,0.69,0.4,0.7,0.72,0.9,0.34,0.51,0.24,0.76,0.51,0.38,0.65,0.46,1.71,0.7,0.46,0.42,0.72,0.73,0.57,0.95,1.06
1972,1.16,0.55,0.16,0.45,0.49,0.37,0.38,0.42,0.21,0.53,0.42,0.19,0.21,0.58,0.57,0.93,0.6,0.5,1.6,0.79,0.62,0.4,0.62,0.94,0.78,1.07,0.42,0.74,0.44,0.72,0.8,0.96,0.3,0.48,0.24,0.95,0.39,0.36,0.72,0.44,1.05,0.49,0.37,0.31,0.68,0.78,0.56,0.73,0.32
1973,0.78,0.51,0.15,0.38,0.49,0.37,0.28,0.42,0.18,0.63,0.61,0.18,0.18,0.51,0.63,0.98,0.64,0.56,1.57,0.65,0.53,0.39,0.65,0.86,0.93,1.15,0.38,0.66,0.74,0.64,0.81,0.87,0.36,0.41,0.22,0.7,0.42,0.31,0.6,0.38,1.09,0.52,0.37,0.25,0.54,0.8,0.67,0.66,0.42
1974,0.74,0.74,0.22,0.51,0.65,0.76,0.75,0.78,0.28,1.52,1.58,0.25,0.24,0.62,1.13,1.91,0.96,0.77,1.6,0.6,0.67,0.6,1.29,1.78,0.72,1.67,0.26,0.56,0.68,0.68,1.17,1.11,0.83,0.71,0.33,2.31,0.74,0.42,0.61,0.5,1.62,0.9,0.63,0.54,0.68,0.96,1.56,0.92,0.61
1975,0.97,0.98,0.51,1.18,0.76,1.33,1.24,1.33,0.53,2.5,2.54,0.41,0.34,0.88,1.84,2.82,1.56,1.44,2.15,1.26,1.07,1.15,1.87,1.98,1.53,2.14,0.3,0.91,0.72,1.11,1.68,1.39,1.07,1.25,0.56,3.11,1.34,0.75,0.99,0.82,2.37,1.26,1.05,1.19,1.2,1.26,3.26,1.48,1.02
1976,0.88,0.7,0.36,0.83,0.71,0.87,0.65,0.84,0.41,1.24,1.5,0.38,0.36,0.69,1.3,1.65,1.07,1.12,1.75,1.23,0.83,0.83,1.15,1.32,1.5,1.73,0.35,0.74,0.63,1.02,1.31,1.3,0.83,0.93,0.44,0.02,0.87,0.52,0.74,0.7,1.79,0.97,0.55,0.6,1.09,1.18,2.5,1.34,0.91
1977,0.85,0.68,0.39,0.73,0.67,0.7,0.66,0.68,0.43,1.04,1.21,0.43,0.4,0.71,0.96,1.55,0.83,0.93,1.44,0.99,0.71,0.75,0.93,0.95,1.29,1.24,0.34,0.7,0.57,0.85,1.14,1.09,0.71,0.79,0.4,,0.71,0.5,0.66,0.69,1.58,0.87,0.64,0.64,0.93,1.04,1.55,1.1,0.83
1978,0.93,0.79,0.44,0.97,0.8,0.95,0.7,0.68,0.58,1.06,0.9,0.51,0.49,0.96,1.03,1.77,0.96,1.0,1.83,0.97,0.82,0.8,1.23,1.01,1.57,1.38,0.32,0.96,0.74,0.99,1.21,1.22,0.73,0.75,0.41,,0.82,0.58,0.98,0.83,1.69,0.96,0.82,0.69,1.16,1.13,1.35,1.24,0.9
1979,0.94,0.91,0.46,0.93,0.84,1.0,0.67,0.68,0.62,1.2,0.62,0.56,0.48,1.11,1.09,1.92,1.07,1.18,2.0,1.05,0.86,0.85,1.47,0.8,1.3,1.2,0.28,0.92,1.01,1.07,1.44,1.28,0.77,0.76,0.4,0.25,0.88,0.56,1.09,0.8,1.74,0.97,0.97,0.69,1.26,1.2,1.21,1.32,0.91
1980,0.75,0.95,0.58,0.98,0.84,0.9,0.68,0.65,0.72,1.06,0.47,0.55,0.47,0.96,0.97,1.81,1.0,0.82,1.78,1.04,0.82,0.75,1.63,0.84,0.99,1.03,0.2,0.66,0.74,0.83,1.46,1.5,0.77,0.64,0.47,0.23,0.81,0.47,1.07,0.95,1.62,0.78,0.99,0.68,1.28,1.17,0.85,1.22,0.78
1981,0.59,0.97,0.63,0.95,0.76,0.75,0.59,0.61,0.68,0.97,0.31,0.46,0.45,0.87,0.97,1.79,0.96,0.47,1.55,0.54,0.65,0.65,1.44,0.72,0.83,0.88,0.16,0.67,0.67,0.61,1.36,1.58,0.72,0.49,0.43,0.17,0.62,0.37,1.02,0.95,1.27,0.68,1.0,0.67,1.27,1.26,0.99,1.06,0.65
1982,0.59,1.01,0.6,0.88,0.82,0.83,0.59,0.58,0.75,1.0,0.42,0.5,0.46,1.09,0.97,1.79,1.1,0.9,1.84,0.72,0.81,0.69,1.54,1.15,1.36,1.42,0.17,0.77,0.79,0.97,1.5,1.38,0.7,0.55,0.59,0.27,0.76,0.51,1.18,1.01,1.33,0.79,1.0,0.69,1.34,1.15,1.16,1.22,0.68
1983,0.63,0.79,0.5,0.79,0.72,0.68,0.62,0.44,0.59,0.72,0.33,0.4,0.43,1.15,0.78,1.38,0.92,0.93,1.78,1.06,0.87,0.54,0.98,0.92,1.25,1.19,0.13,1.11,1.23,1.33,1.44,1.32,0.57,0.44,0.43,0.25,0.55,0.39,1.05,0.8,1.11,0.59,0.66,0.54,1.3,1.0,0.75,1.12,0.54
1984,0.51,0.68,0.52,0.78,0.64,0.48,0.57,0.4,0.57,0.65,0.43,0.46,0.43,0.9,0.58,1.0,0.82,0.87,1.08,0.88,0.67,0.46,0.84,0.74,0.75,0.9,0.16,0.92,1.05,1.14,1.41,1.21,0.46,0.4,0.4,0.22,0.47,0.36,0.91,0.66,0.84,0.51,0.56,0.48,1.15,1.0,0.58,1.05,0.44
1985,0.37,0.65,0.48,0.89,0.57,0.65,0.54,0.44,0.61,0.81,0.46,0.59,0.45,1.04,0.59,1.28,0.91,1.04,1.3,1.02,0.75,0.53,0.98,0.73,0.8,0.75,0.29,1.1,1.1,1.22,1.39,1.05,0.55,0.47,0.47,0.4,0.63,0.51,0.94,0.66,0.99,0.56,0.66,0.54,1.12,0.89,0.69,1.1,0.62
1986,0.37,0.48,0.37,0.64,0.56,0.55,0.36,0.34,0.51,0.54,0.5,0.44,0.35,0.78,0.53,0.99,0.74,0.82,1.15,0.85,0.66,0.41,1.09,0.65,0.89,0.71,0.3,0.8,1.01,1.1,1.23,0.87,0.47,0.36,0.43,0.36,0.58,0.53,0.79,0.58,0.88,0.45,0.53,0.43,0.89,0.66,0.71,0.87,0.39
1987,0.39,0.39,0.37,0.6,0.43,0.55,0.36,0.48,0.45,0.49,0.62,0.36,0.28,0.66,0.53,0.92,0.64,0.86,0.87,0.76,0.56,0.43,1.1,0.68,0.65,0.71,0.2,0.75,0.99,1.0,1.08,0.8,0.37,0.35,0.52,0.31,0.59,0.53,0.69,0.47,0.8,0.45,0.49,0.43,0.83,0.73,0.88,0.78,0.35
1988,0.61,0.46,0.68,0.38,0.44,0.49,0.53,0.35,0.55,0.59,0.72,0.48,0.25,0.58,0.55,0.92,0.7,0.86,0.74,0.96,0.7,0.41,1.2,0.88,1.03,0.66,0.12,0.62,1.12,0.95,1.32,0.83,0.55,0.41,0.52,0.35,0.69,0.72,0.65,0.67,1.13,0.65,0.59,0.44,0.96,0.89,0.62,0.68,0.28
1989,0.43,0.39,0.86,0.36,0.4,0.43,0.49,0.38,0.54,0.53,0.63,0.5,0.26,0.6,0.52,0.82,0.61,0.69,0.67,0.67,0.61,0.52,1.14,0.83,0.95,0.72,0.17,0.61,1.04,0.85,1.22,0.7,0.62,0.4,0.57,0.37,0.72,0.64,0.71,0.56,0.95,0.6,0.45,0.41,0.89,0.92,0.49,0.69,0.29
1990,0.39,0.31,0.82,0.26,0.37,0.63,0.38,0.38,0.4,0.45,0.46,0.4,0.2,0.53,0.46,0.72,0.51,0.54,0.73,0.64,0.54,0.4,1.21,0.75,0.9,0.76,0.15,0.58,0.74,0.66,1.0,0.46,0.56,0.39,0.68,0.32,0.72,0.7,0.67,0.5,0.86,0.56,0.4,0.36,0.75,0.72,0.07,0.66,0.24
1991,0.53,0.33,0.6,0.26,0.85,0.87,0.48,0.46,0.45,0.61,0.44,0.38,0.19,0.67,0.58,1.07,0.55,0.64,1.0,0.73,0.69,0.49,1.55,0.84,1.28,0.83,0.22,0.89,0.98,0.71,1.09,0.58,0.59,0.51,0.72,0.35,0.81,0.62,0.81,0.56,1.02,0.63,0.42,0.54,1.04,0.89,0.55,0.99,0.31
1992,0.42,0.24,0.67,0.2,0.52,0.44,0.45,0.42,0.35,0.36,0.39,0.23,0.14,0.51,0.39,0.57,0.34,0.58,0.77,0.43,0.65,0.36,1.2,0.67,0.84,0.79,0.25,0.76,1.12,0.69,0.93,0.51,0.4,0.39,0.66,0.19,0.64,0.43,0.77,0.38,0.74,0.5,0.28,0.4,0.67,0.76,0.49,0.66,0.26
1993,0.52,0.26,0.81,0.17,0.54,0.4,0.33,0.35,0.35,0.35,0.54,0.27,0.18,0.43,0.38,0.47,0.34,0.51,0.62,0.45,0.48,0.36,0.41,0.56,0.66,0.56,0.28,0.56,0.94,0.65,0.92,0.45,0.41,0.34,0.59,0.2,0.48,0.43,0.7,0.32,0.62,0.43,0.27,0.1,0.6,0.69,0.43,0.59,0.31
1994,0.42,0.26,0.27,0.16,0.49,0.32,0.24,0.29,0.24,0.4,0.45,0.32,0.21,0.36,0.31,0.36,0.32,0.49,0.42,0.39,0.35,0.29,0.26,0.47,0.47,0.41,0.19,0.38,0.38,0.48,0.62,0.26,0.3,0.28,0.43,0.2,0.36,0.36,0.45,0.33,0.38,0.38,0.3,0.25,0.67,0.66,0.36,0.66,0.36
1995,0.46,0.32,0.43,0.16,0.36,0.23,0.48,0.38,0.27,0.42,0.4,0.34,0.22,0.35,0.37,0.41,0.39,0.63,0.47,0.41,0.39,0.31,0.47,0.63,0.51,0.41,0.2,0.4,0.37,0.48,0.77,0.32,0.4,0.31,0.39,0.2,0.36,0.38,0.43,0.36,0.48,0.36,0.38,0.34,0.74,0.64,0.42,0.74,0.43
1996,0.28,0.3,0.35,0.12,0.2,0.42,0.43,0.34,0.22,0.41,0.36,0.22,0.17,0.3,0.37,0.48,0.31,0.45,0.52,0.45,0.33,0.25,0.52,0.39,0.44,0.34,0.24,0.27,0.43,0.4,0.64,0.24,0.33,0.24,0.29,0.16,0.3,0.31,0.41,0.39,0.41,0.42,0.37,0.31,0.57,0.6,0.44,0.62,0.39
1997,0.26,0.3,0.25,0.1,0.17,0.64,0.51,0.29,0.2,0.31,0.37,0.23,0.16,0.28,0.25,0.44,0.31,0.55,0.51,0.42,0.34,0.22,0.51,0.27,0.42,0.34,0.28,0.39,0.42,0.35,0.66,0.34,0.28,0.24,0.23,0.14,0.26,0.29,0.36,0.28,0.46,0.41,0.34,0.37,0.44,0.59,0.37,0.54,0.35
1998,0.22,0.22,0.14,0.09,0.13,0.31,0.45,0.23,0.16,0.35,0.35,0.19,0.12,0.26,0.27,0.47,0.26,0.41,0.51,0.46,0.31,0.17,0.43,0.25,0.34,0.28,0.38,0.46,1.88,0.32,0.56,0.24,0.24,0.22,0.21,0.12,0.3,0.28,0.33,0.32,0.4,0.4,0.27,0.3,0.34,0.52,0.41,0.39,0.26
1999,0.33,0.21,0.15,0.09,0.19,0.44,0.47,0.2,0.13,0.37,0.48,0.15,0.09,0.32,0.25,0.59,0.27,0.54,0.57,0.68,0.36,0.14,0.36,0.29,0.34,0.37,0.4,0.48,0.19,0.34,0.52,0.23,0.36,0.23,0.13,0.09,0.2,0.32,0.37,0.45,0.48,0.4,0.19,0.25,0.34,0.56,0.56,0.42,0.26
2000,0.48,0.22,0.4,0.1,0.37,0.47,0.33,0.26,0.12,0.43,0.51,0.18,0.1,0.3,0.4,0.84,0.31,0.71,0.34,0.65,0.26,0.22,0.5,0.27,0.35,0.68,0.35,0.35,0.39,0.3,0.66,0.28,0.64,0.18,0.08,0.07,0.12,0.17,0.32,0.64,0.64,0.45,0.18,0.3,0.38,0.56,0.67,0.26,0.11
2001,0.58,0.23,0.36,0.09,0.22,0.45,0.88,0.33,0.14,0.36,0.26,0.14,0.09,0.4,0.53,1.1,0.26,0.61,0.43,0.91,0.33,0.28,0.73,0.24,0.3,0.47,0.49,0.44,0.35,0.3,0.49,0.56,0.51,0.26,0.13,0.22,0.27,0.2,0.37,0.82,0.63,0.33,0.24,0.35,0.36,0.45,0.6,0.3,0.13
2002,0.43,0.27,0.34,0.12,0.27,0.37,1.02,0.35,0.14,0.4,0.32,0.15,0.12,0.39,0.44,0.67,0.34,0.65,0.54,0.67,0.35,0.36,0.54,0.34,0.34,0.3,0.36,0.49,0.45,0.38,0.59,0.53,0.33,0.26,0.24,0.19,0.3,0.3,0.34,0.6,0.57,0.41,0.22,0.36,0.39,0.51,0.49,0.37,0.18
2003,0.5,0.31,0.34,0.13,0.27,0.4,0.8,0.33,0.13,0.42,0.43,0.19,0.18,0.34,0.41,0.79,0.39,0.75,0.73,1.04,0.41,0.38,0.39,0.34,0.37,0.23,0.51,0.57,0.53,0.46,0.74,0.6,0.32,0.35,0.38,0.25,0.49,0.46,0.35,0.42,0.58,0.47,0.31,0.47,0.5,0.61,0.47,0.56,0.3
2004,0.31,0.32,0.41,0.13,0.22,0.34,0.6,0.32,0.14,0.38,0.37,0.18,0.2,0.31,0.39,0.62,0.31,0.43,0.42,0.82,0.31,0.3,0.51,0.3,0.36,0.29,0.36,0.33,0.35,0.44,0.62,0.56,0.26,0.28,0.25,0.21,0.28,0.3,0.31,0.36,0.5,0.41,0.27,0.36,0.42,0.6,0.41,0.44,0.41
2005,0.32,0.4,0.45,0.17,0.25,0.33,0.49,0.32,0.15,0.35,0.32,0.18,0.23,0.29,0.34,0.28,0.3,0.42,0.46,0.55,0.32,0.29,0.55,0.3,0.35,0.27,0.42,0.32,0.29,0.42,0.54,0.48,0.27,0.29,0.26,0.22,0.33,0.33,0.34,0.32,0.41,0.41,0.28,0.26,0.47,0.59,0.42,0.44,0.42
2006,0.29,0.46,0.45,0.2,0.23,0.33,0.57,0.4,0.14,0.36,0.32,0.21,0.23,0.34,0.36,0.63,0.4,0.42,0.44,0.48,0.31,0.32,0.6,0.29,0.36,0.27,0.37,0.25,0.22,0.4,0.5,0.55,0.28,0.29,0.27,0.21,0.32,0.34,0.31,0.24,0.35,0.41,0.35,0.31,0.51,0.54,0.45,0.41,0.44
2007,0.26,0.41,0.36,0.19,0.22,0.3,0.37,0.27,0.24,0.32,0.34,0.25,0.23,0.33,0.36,0.9,0.45,0.62,0.49,0.49,0.3,0.29,0.17,0.21,0.36,0.18,0.46,0.22,0.24,0.41,0.48,0.55,0.34,0.29,0.23,0.22,0.36,0.38,0.32,0.21,0.36,0.4,0.32,0.22,0.5,0.56,0.28,0.37,0.44
2008,0.14,0.35,0.51,0.19,0.22,0.4,0.26,0.31,0.25,0.37,0.33,0.28,0.24,0.29,0.46,0.65,0.53,0.69,0.41,0.48,0.28,0.25,0.03,0.21,0.4,0.21,0.39,0.26,0.16,0.37,0.46,0.5,0.27,0.34,0.22,0.2,0.34,0.36,0.35,0.27,0.49,0.43,0.38,0.21,0.71,0.6,0.46,0.42,0.42
2009,0.27,0.47,0.32,0.23,0.12,0.55,0.72,0.56,0.32,0.56,0.54,0.45,0.29,0.5,0.54,0.91,0.82,0.79,0.9,0.97,0.56,0.46,0.29,0.28,0.94,0.12,0.48,0.32,0.52,0.56,0.68,0.72,0.27,0.46,0.42,0.34,0.57,0.62,0.47,0.33,0.46,0.66,0.5,0.25,0.9,0.81,1.13,0.9,0.67
2010,0.28,0.4,0.23,0.24,0.1,0.42,0.53,0.29,0.29,0.4,0.46,0.38,0.36,0.36,0.46,0.65,0.62,0.68,0.64,0.68,0.4,0.41,0.19,0.28,0.82,0.16,0.49,0.23,0.34,0.51,0.66,0.59,0.32,0.38,0.27,0.24,0.4,0.47,0.37,0.31,0.41,0.5,0.39,0.26,0.84,0.96,0.63,0.68,0.77
2011,0.31,0.41,0.31,0.25,0.08,0.33,0.3,0.38,0.27,0.32,0.32,0.38,0.37,0.3,0.41,0.59,0.51,0.6,0.57,0.56,0.31,0.34,0.26,0.25,0.8,0.18,0.41,0.22,0.28,0.5,0.67,0.53,0.4,0.37,0.29,0.25,0.41,0.41,0.39,0.3,0.35,0.46,0.36,0.21,0.92,0.89,0.51,0.7,0.71
2012,0.35,0.4,0.21,0.31,0.04,0.4,0.42,0.33,0.3,0.31,0.36,0.42,0.34,0.37,0.45,0.67,0.54,0.66,0.79,0.61,0.39,0.41,0.5,0.26,0.54,0.1,0.45,0.4,0.77,0.56,0.58,0.52,0.43,0.42,0.33,0.28,0.46,0.43,0.41,0.34,0.37,0.45,0.36,0.18,1.18,1.12,0.58,0.99,0.75
2013,0.27,0.42,0.2,0.3,0.01,0.35,0.29,0.54,0.27,0.3,0.28,0.38,0.31,0.33,0.3,0.49,0.39,0.52,0.75,0.56,0.39,0.35,0.38,0.28,0.47,0.06,0.6,0.4,0.86,0.58,0.63,0.4,0.43,0.35,0.5,0.27,0.36,0.39,0.37,0.31,0.35,0.42,0.31,0.18,0.96,1.09,0.39,0.83,0.73
2014,0.23,0.35,0.18,0.24,,0.26,0.16,0.84,0.24,0.24,0.24,0.31,0.23,0.31,0.24,0.33,0.33,0.5,0.59,0.38,0.35,0.26,0.38,0.26,0.36,0.14,0.99,0.46,0.89,0.51,0.57,0.33,0.32,0.26,0.44,0.23,0.33,0.32,0.27,0.29,0.3,0.3,0.25,0.16,0.75,0.79,0.33,0.59,0.64
2015,0.15,0.3,0.16,0.19,,0.27,0.17,0.86,0.22,0.22,0.23,0.25,0.19,0.26,0.2,0.28,0.34,0.57,0.58,0.77,0.34,0.28,0.34,0.23,0.35,0.1,1.11,0.46,1.15,0.6,0.5,0.28,0.28,0.24,0.35,0.25,0.26,0.3,0.19,0.25,0.23,0.29,0.22,0.13,0.72,0.78,0.34,0.54,0.59
2016,0.18,0.37,0.14,0.15,0.02,0.3,0.19,0.9,0.22,0.22,0.28,0.25,0.19,0.29,0.23,0.36,0.34,0.63,0.76,0.38,0.41,0.28,0.41,0.21,0.43,0.09,1.23,0.39,2.43,0.63,0.61,0.39,0.35,0.23,0.47,0.22,0.29,0.29,0.18,0.38,0.33,0.29,0.21,0.1,0.76,0.73,0.32,0.6,0.62
2017,0.14,0.36,0.13,0.17,0.06,0.27,0.16,0.86,0.2,0.26,0.3,0.24,0.21,0.27,0.19,0.39,0.29,0.64,0.46,0.26,0.29,0.24,0.43,0.19,0.41,0.07,0.59,0.26,0.87,0.47,0.54,0.34,0.33,0.23,0.4,0.23,0.26,0.31,0.15,0.33,0.28,0.29,0.21,0.08,0.67,0.66,0.41,0.54,0.55
2018,0.74,0.41,0.09,0.16,0.01,0.27,0.19,0.7,0.19,0.22,0.29,0.21,0.18,0.37,0.16,0.34,0.26,0.47,0.43,0.56,0.23,0.26,0.37,0.15,0.4,0.02,0.56,0.26,0.62,0.51,0.52,0.4,0.34,0.21,0.32,0.18,0.21,0.25,0.15,0.33,0.29,0.31,0.17,0.05,0.58,0.58,0.31,0.44,0.6
2019,18.28,0.48,0.09,0.21,0.01,0.26,0.19,0.87,0.2,0.21,0.23,0.21,0.17,0.48,0.2,0.75,0.41,0.77,0.69,0.54,0.3,0.27,0.51,0.17,0.4,0.06,0.64,0.47,0.77,0.69,0.55,0.53,0.35,0.22,0.29,0.2,0.22,0.27,0.17,0.46,0.31,0.37,0.18,0.02,0.7,0.61,0.45,0.58,0.61
2020,1.02,0.42,0.09,0.2,,0.16,0.16,0.76,0.14,0.17,0.19,0.19,0.16,0.36,0.19,0.72,0.3,0.6,0.73,0.56,0.25,0.21,0.43,0.14,0.5,0.05,0.61,0.33,1.41,0.66,0.47,0.43,0.31,0.24,0.19,0.17,0.14,0.21,0.17,0.36,0.27,0.29,0.15,,0.56,0.61,0.36,0.48,0.63
2021,0.85,0.41,0.09,0.17,,0.1,0.1,0.55,0.12,0.13,0.23,0.17,0.17,0.32,0.15,0.76,0.27,0.55,0.6,0.41,0.18,0.17,0.15,0.22,0.57,0.07,0.47,0.25,1.17,0.77,0.51,0.41,0.28,0.19,0.2,0.13,0.09,0.19,0.19,0.3,0.17,0.24,0.12,0.01,0.64,0.65,0.32,0.45,0.66
2022,0.71,0.39,0.1,0.18,,0.2,0.11,0.5,0.11,0.13,0.34,0.17,0.17,0.29,0.14,0.61,0.23,0.45,0.53,0.33,0.16,0.23,0.14,0.22,0.5,0.12,0.46,0.23,0.76,0.56,0.46,0.47,0.22,0.19,0.17,0.11,0.08,0.18,0.19,0.32,0.17,0.21,0.11,0.02,0.53,0.51,0.29,0.36,0.63
2023,0.62,0.4,0.1,0.16,,0.4,0.19,0.67,0.17,0.17,0.37,0.22,0.18,0.35,0.22,0.94,0.34,0.67,0.65,0.64,0.19,0.35,0.36,0.21,0.51,0.1,0.54,0.29,0.7,0.43,0.47,0.63,0.29,0.29,0.24,0.19,0.14,0.23,0.24,0.43,0.23,0.24,0.15,0.01,0.64,0.35,0.34,0.4,0.59
2024,0.75,0.44,0.11,0.21,,0.31,0.15,0.51,0.16,0.18,0.4,0.22,0.17,0.38,0.19,0.89,0.25,0.46,0.56,0.48,0.18,0.27,0.22,0.17,0.46,0.08,0.62,0.23,0.58,0.51,0.54,0.62,0.25,0.19,0.21,0.13,0.09,0.25,0.27,0.41,0.19,0.21,0.13,0.02,0.71,0.39,0.37,0.37,0.58
2025,0.6,0.48,0.1,0.24,,0.31,0.1,0.44,0.15,0.22,0.44,0.21,0.16,0.4,0.17,0.8,0.23,0.46,0.57,0.34,0.19,0.28,0.16,0.15,0.39,0.05,0.69,0.24,0.8,0.57,0.44,0.56,0.21,0.16,0.17,0.12,0.06,0.24,0.24,0.35,0.2,0.19,0.11,0.01,0.57,0.38,0.32,0.31,0.58
