Size quintile,Momentum quintile,MKT beta,SMB beta,UMD beta,OLS observations
1,1,1.07423437,1.48493595,-0.72745081,1194
1,2,0.99675442,1.28733711,-0.44417542,1194
1,3,0.95004754,1.18859927,-0.28108635,1194
1,4,1.02964609,1.25919152,-0.0825179,1194
1,5,1.09155087,1.32244599,0.24041663,1194
2,1,1.16177163,1.05770979,-0.72152475,1194
2,2,1.01980577,0.91505574,-0.40050374,1194
2,3,0.98226665,0.78822105,-0.1681278,1194
2,4,0.99173723,0.90122077,0.01624682,1194
2,5,1.13924956,1.0384244,0.32792637,1194
3,1,1.17485631,0.63430195,-0.78307594,1194
3,2,1.05631012,0.51285746,-0.40007087,1194
3,3,0.99794638,0.51995465,-0.19548532,1194
3,4,0.98243506,0.51548736,0.06051456,1194
3,5,1.11252048,0.71701763,0.41848378,1194
4,1,1.21677126,0.30052333,-0.82609338,1194
4,2,1.08169951,0.16155358,-0.41229295,1194
4,3,1.00220899,0.22097066,-0.17587644,1194
4,4,1.04363534,0.20036921,0.06804846,1194
4,5,1.10870757,0.4240865,0.45092255,1194
5,1,1.1158292,-0.05316566,-0.7789053,1190
5,2,0.9829186,-0.19562387,-0.45472117,1194
5,3,0.98267514,-0.16759405,-0.18688465,1194
5,4,0.99350001,-0.19456681,0.12071927,1194
5,5,1.09847262,-0.0202625,0.4617488,1194
