Size quintile,Momentum quintile,Post-1963 MKT beta,Post-1963 SMB beta,Post-1963 UMD beta,Post-1963 beta OLS observations
1,1,1.05703675,1.24685120,-0.69682829,762
1,2,0.82544716,0.93497561,-0.30466213,762
1,3,0.79417445,0.85156823,-0.13926435,762
1,4,0.81768578,0.89056825,0.01847028,762
1,5,0.99787638,1.16308336,0.25372464,762
2,1,1.16256877,0.97183870,-0.72078296,762
2,2,0.93372107,0.74470789,-0.35167392,762
2,3,0.88321363,0.66495737,-0.11651709,762
2,4,0.91162947,0.73306351,0.01770740,762
2,5,1.12615964,0.97687065,0.34080392,762
3,1,1.14640188,0.63627812,-0.76843118,762
3,2,0.97133240,0.45501721,-0.37451638,762
3,3,0.90613332,0.44407583,-0.18448916,762
3,4,0.93138913,0.43793564,0.03187622,762
3,5,1.11657027,0.74378495,0.38619730,762
4,1,1.16854321,0.35927137,-0.82978079,762
4,2,1.02056467,0.16397043,-0.41818189,762
4,3,0.94420251,0.15004158,-0.18053172,762
4,4,0.96432737,0.14728509,0.04623686,762
4,5,1.10451185,0.45793912,0.42931572,762
5,1,1.14976608,-0.06638188,-0.80144883,762
5,2,0.92579500,-0.20707757,-0.44773610,762
5,3,0.92872554,-0.20278696,-0.12456978,762
5,4,0.95333502,-0.22946805,0.14575763,762
5,5,1.09053300,-0.01563561,0.48053415,762
