Model,Variable,Gamma,FMB SE,t-statistic,p-value,T,avg cross-sectional R2
(1),gamma_0,2.02201984,0.366785464,5.51281346,4.33093731e-08,1186,0.531273523
(1),beta_M,-0.596733632,0.270066042,-2.2095841,0.0273246947,1186,0.531273523
(1),ln_size,-0.131868118,0.030340875,-4.34622001,1.50376866e-05,1186,0.531273523
(1),ret212,0.00680117607,0.00151418485,4.49164187,7.75798313e-06,1186,0.531273523
(2),gamma_0,1.50058908,0.329482203,4.55438585,5.7962833e-06,1186,0.542771622
(2),beta_M,-0.656706171,0.347718293,-1.88861554,0.0591874115,1186,0.542771622
(2),beta_SMB,0.361571023,0.10473083,3.45238382,0.000575248743,1186,0.542771622
(2),beta_UMD,0.617895477,0.138157955,4.47238436,8.47798616e-06,1186,0.542771622
(3),gamma_0,2.22958542,0.453770183,4.91346832,1.02028327e-06,1186,0.620081261
(3),beta_M,-0.936200069,0.369018849,-2.53699796,0.0113081626,1186,0.620081261
(3),beta_SMB,0.103075998,0.185573349,0.555446124,0.578694392,1186,0.620081261
(3),beta_UMD,0.0745124017,0.211275041,0.352679623,0.724391356,1186,0.620081261
(3),ln_size,-0.0670231019,0.0438765237,-1.52753902,0.126893894,1186,0.620081261
(3),ret212,0.00759168198,0.00274041722,2.77026502,0.00568857559,1186,0.620081261
