Model,Variable,Full gamma,Full FMB SE,Full t,Full p,Post-1963 gamma,Post-1963 FMB SE,Post-1963 t,Post-1963 p,Change in gamma (post minus full),Full T,Post-1963 T
(1) Characteristics,Intercept,2.31565466,0.37698762,6.14252,1.1069605e-09,1.74501622,0.27359350,6.37813,3.111647e-10,-0.57063844,1186,761
(1) Characteristics,MKT beta,-1.07739486,0.38570246,-2.79333,0.0053008076,-0.76371611,0.33493462,-2.28019,0.0228723,0.31367875,1186,761
(1) Characteristics,ln(size),-0.08998488,0.03017641,-2.98196,0.0029226098,-0.02524018,0.02971538,-0.84940,0.39592737,0.06474470,1186,761
(1) Characteristics,ret212,0.00792055,0.00191595,4.13401,3.8158303e-05,0.00818339,0.00165662,4.93980,9.6219377e-07,0.00026284,1186,761
(2) Covariances,Intercept,1.80645618,0.33599764,5.37640,9.1466135e-08,1.49916778,0.23769747,6.30704,4.82373e-10,-0.30728840,1186,761
(2) Covariances,MKT beta,-0.69074666,0.35449620,-1.94853,0.051587288,-0.39242975,0.28104587,-1.39632,0.16302607,0.29831691,1186,761
(2) Covariances,SMB beta,0.35970116,0.10523005,3.41824,0.00065168979,0.16755549,0.11758366,1.42499,0.15457074,-0.19214567,1186,761
(2) Covariances,UMD beta,0.61504916,0.13778485,4.46384,8.8176444e-06,0.66994214,0.15309438,4.37601,1.3777045e-05,0.05489298,1186,761
(3) Combined,Intercept,2.50822247,0.45710964,5.48714,4.9917308e-08,1.60956869,0.32799698,4.90727,1.1304733e-06,-0.89865378,1186,761
(3) Combined,MKT beta,-0.98970682,0.37623618,-2.63055,0.0086353024,-0.94279861,0.37412240,-2.52003,0.011938397,0.04690821,1186,761
(3) Combined,ln(size),-0.05998341,0.04441626,-1.35048,0.17711893,0.00879073,0.05278373,0.16654,0.86777437,0.06877414,1186,761
(3) Combined,ret212,0.00768823,0.00273265,2.81347,0.0049819098,0.00821682,0.00194216,4.23077,2.6131943e-05,0.00052859,1186,761
(3) Combined,SMB beta,0.12438151,0.18873441,0.65903,0.51000498,0.14698063,0.23296316,0.63092,0.52828389,0.02259912,1186,761
(3) Combined,UMD beta,0.06550060,0.21105201,0.31035,0.75634721,-0.04618064,0.20869839,-0.22128,0.82493439,-0.11168123,1186,761
